ida_name,total_projects,completed_projects,stalled_projects,cost_anomaly_projects,total_expenditure,total_sanction,avg_rule_risk,max_rule_risk,unique_states,unique_constituencies,completion_rate,stall_rate,cost_anomaly_rate,delay_risk_normalized,cost_risk_normalized,historical_anomaly_risk,agency_risk,agency_risk_confidence,agency_risk_category
ADILABAD(DISTRICT COLLECTOR ADILABAD_IDA),272,21,0,0,27628355.0,76868000.0,0.0,0.0,2,3,0.07720588235294118,0.0,0.0,0.0,0.0,0.0,0.0,HIGH,LOW
AGRA(DISTRICT MAGISTRAE AGRA_IDA),450,133,0,0,296316458.0,433679123.0,0.6684444444444445,18.8,5,5,0.29555555555555557,0.0,0.0,0.0,0.0,0.6684444444444445,0.2,HIGH,LOW
AIZAWL(DEPUTY COMMISSIONER AIZAWL_IDA),77,33,0,0,32329229.0,39874229.0,0.0,0.0,1,1,0.42857142857142855,0.0,0.0,0.0,0.0,0.0,0.0,HIGH,LOW
AJMER(DISTRICT COLLECTOR AJMER_IDA),116,46,2,0,35826272.0,83729705.0,0.9844827586206897,57.1,1,3,0.39655172413793105,0.017241379310344827,0.0,1.7241379310344827,0.0,0.9844827586206897,1.0,HIGH,LOW
AKOLA(DISTRICT COLLECTOR AKOLA_IDA),93,41,0,0,61044842.0,99198924.0,0.0,0.0,1,2,0.44086021505376344,0.0,0.0,0.0,0.0,0.0,0.0,HIGH,LOW
ALAPPUZHA(DISTRICT COLLECTOR ALAPPUZHA_IDA),185,53,5,0,60130330.0,170813004.0,1.5432432432432432,57.1,1,4,0.2864864864864865,0.02702702702702703,0.0,2.7027027027027026,0.0,1.5432432432432432,1.5,HIGH,LOW
ALIGARH(DISTRICT MAGISTRATE ALIGARH_IDA),122,54,4,0,137421979.0,160321459.0,1.8721311475409836,57.1,1,3,0.4426229508196721,0.03278688524590164,0.0,3.278688524590164,0.0,1.8721311475409836,1.9,HIGH,LOW
ALIRAJPUR(District Collector Alirajpur_IDA),92,16,0,0,14265670.0,34154218.0,0.0,0.0,1,1,0.17391304347826086,0.0,0.0,0.0,0.0,0.0,0.0,HIGH,LOW
ALMORA(DISTRICT MAGISTRATE ALMORA_IDA),67,5,0,0,4086185.0,18979120.0,0.0,0.0,1,2,0.07462686567164178,0.0,0.0,0.0,0.0,0.0,0.0,HIGH,LOW
ALWAR(DISTRICT COLLECTOR ALWAR_IDA),158,90,3,0,87717934.1,135970321.1,1.0841772151898734,57.1,2,4,0.569620253164557,0.0189873417721519,0.0,1.89873417721519,0.0,1.0841772151898734,1.1,HIGH,LOW
AMBALA(DEPUTY COMMISSIONER AMBALA_IDA),95,2,1,0,11755512.0,74820132.0,0.6010526315789474,57.1,1,2,0.021052631578947368,0.010526315789473684,0.0,1.0526315789473684,0.0,0.6010526315789474,0.6,HIGH,LOW
AMBEDKAR NAGAR(DISTRICT MAGISTRATE AMBEDKAR NAGAR_IDA),235,39,1,0,68689959.0,112672825.0,0.24297872340425533,57.1,1,3,0.16595744680851063,0.00425531914893617,0.0,0.425531914893617,0.0,0.24297872340425533,0.2,HIGH,LOW
AMRAVATI(DISTRICT COLLECTOR AMRAVATI_IDA),331,95,15,0,168120052.0,319508103.0,2.5876132930513593,57.1,1,3,0.28700906344410876,0.045317220543806644,0.0,4.531722054380665,0.0,2.5876132930513593,2.6,HIGH,LOW
AMRELI(DISTRICT COLLECTOR AMRELI_IDA),322,161,15,0,60718462.0,139940750.0,2.659937888198758,57.1,1,3,0.5,0.046583850931677016,0.0,4.658385093167702,0.0,2.659937888198758,2.7,HIGH,LOW
AMRITSAR(DEPUTY COMMISSIONER AMRITSAR_IDA),319,112,9,0,121381942.0,177973390.0,2.082445141065831,57.1,2,4,0.3510971786833856,0.02821316614420063,0.0,2.8213166144200628,0.0,2.082445141065831,1.8,HIGH,LOW
AMROHA(DISTRICT MAGISTRATE JYOTIBAPHULE NAGAR_IDA),90,48,1,0,60258725.0,131973987.0,0.6344444444444445,57.1,1,2,0.5333333333333333,0.011111111111111112,0.0,1.1111111111111112,0.0,0.6344444444444445,0.6,HIGH,LOW
ANAND(District Collector ANAND_IDA),529,249,61,0,57903147.0,119385798.0,6.584310018903592,57.1,1,3,0.4706994328922495,0.11531190926275993,0.0,11.531190926275993,0.0,6.584310018903592,6.6,HIGH,LOW
ANANTNAG(DEPUTY COMMISSIONER ANANTNAG_IDA),63,7,1,0,11743757.0,49000743.0,0.9063492063492063,57.1,1,1,0.1111111111111111,0.015873015873015872,0.0,1.5873015873015872,0.0,0.9063492063492063,0.9,HIGH,LOW
ANJAW(Deputy Commisioner Anjaw_IDA),3,2,0,0,4000000.0,5000000.0,0.0,0.0,1,1,0.6666666666666666,0.0,0.0,0.0,0.0,0.0,0.0,LOW,LOW
ANUPPUR(DISTRICT COLLECTOR ANUPPUR_IDA),65,33,0,0,30548796.0,48670993.0,0.0,0.0,1,2,0.5076923076923077,0.0,0.0,0.0,0.0,0.0,0.0,HIGH,LOW
ARARIA(DISTRICT PLANNING OFFICER ARARIA_IDA),87,39,0,0,132606146.0,133141427.0,0.0,0.0,1,2,0.4482758620689655,0.0,0.0,0.0,0.0,0.0,0.0,HIGH,LOW
ARVALLI(DISTRICT COLLECTOR ARVALLI_IDA),132,63,21,0,23767570.0,45997975.0,9.08409090909091,57.1,1,2,0.4772727272727273,0.1590909090909091,0.0,15.909090909090908,0.0,9.08409090909091,9.1,HIGH,LOW
ARWAL(District Planning Officer Arwal_IDA),159,131,0,0,32081693.0,35202100.0,0.0,0.0,1,2,0.8238993710691824,0.0,0.0,0.0,0.0,0.0,0.0,HIGH,LOW
ASHOKNAGAR(DISTRICT COLLECTOR ASHOKNAGAR_IDA),19,14,0,0,23236779.0,24586816.0,0.0,0.0,1,1,0.7368421052631579,0.0,0.0,0.0,0.0,0.0,0.0,HIGH,LOW
AURAIYA(DISTRICT MAGISTRATE AURAIYA_IDA),517,246,6,0,224429317.35,283158265.73,0.6626692456479691,57.1,1,4,0.4758220502901354,0.01160541586073501,0.0,1.160541586073501,0.0,0.6626692456479691,0.7,HIGH,LOW
AURANGABAD(DISTRICT PLANNING OFFICER AURANGABAD_IDA),359,105,12,0,53407580.0,152833157.0,1.9610027855153203,57.1,1,3,0.2924791086350975,0.033426183844011144,0.0,3.3426183844011144,0.0,1.9610027855153203,1.9,HIGH,LOW
AYODHYA(DISTRICT MAGISTRAE FAIZABAD_IDA),239,131,0,0,108858332.0,159137010.0,0.0,0.0,2,3,0.5481171548117155,0.0,0.0,0.0,0.0,0.0,0.0,HIGH,LOW
AZAMGARH(DISTRICT MAGISTRATE AZAMGARH_IDA),395,75,10,0,149028472.0,196497676.0,1.3572151898734177,57.1,2,5,0.189873417721519,0.02531645569620253,0.0,2.5316455696202533,0.0,1.3572151898734177,1.4,HIGH,LOW
Agar-Malwa(District Collector Agar Malwa_IDA),64,3,0,0,5607294.0,28357020.0,0.0,0.0,1,3,0.046875,0.0,0.0,0.0,0.0,0.0,0.0,HIGH,LOW
Ahilyanagar(DISTRICT COLLECTOR AHMEDNAGAR_IDA),239,35,4,0,50719909.0,219598476.0,0.9556485355648536,57.1,1,3,0.14644351464435146,0.016736401673640166,0.0,1.6736401673640167,0.0,0.9556485355648536,1.0,HIGH,LOW
Ahmedabad(DISTRICT COLLECTOR AHMADABAD_IDA),468,51,62,0,72794767.0,219410417.0,7.644871794871795,57.1,1,7,0.10897435897435898,0.13247863247863248,0.0,13.247863247863249,0.0,7.644871794871795,7.6,HIGH,LOW
Alipurduar(DISTRICT MAGISTRATE ALIPURDUARS_IDA),77,0,25,0,6969593.0,77490039.95,18.538961038961038,57.1,1,2,0.0,0.3246753246753247,0.0,32.467532467532465,0.0,18.538961038961038,18.5,HIGH,LOW
Alluri Sitharama Raju(DISTRICT COLLECTOR ALLURI SITHARAMARAJU_IDA),74,24,2,0,62455874.0,85288400.0,1.5432432432432432,57.1,1,2,0.32432432432432434,0.02702702702702703,0.0,2.7027027027027026,0.0,1.5432432432432432,1.5,HIGH,LOW
Amethi(DISTRICT MAGISTRAE AMETHI_IDA),38,18,0,0,65863081.0,75383786.0,0.0,0.0,2,3,0.47368421052631576,0.0,0.0,0.0,0.0,0.0,0.0,HIGH,LOW
Anakapalli(DISTRICT COLLECTOR ANAKAPALLI_IDA),114,37,1,0,39293896.0,82793821.0,0.6657894736842106,57.1,1,5,0.32456140350877194,0.008771929824561403,0.0,0.8771929824561403,0.0,0.6657894736842106,0.6,HIGH,LOW
Ananthapuramu(DISTRICT COLLECTOR ANANTAPUR_IDA),161,46,6,0,63629039.0,128874969.0,2.24472049689441,57.1,1,2,0.2857142857142857,0.037267080745341616,0.0,3.7267080745341614,0.0,2.24472049689441,2.2,HIGH,LOW
Annamayya(DISTRICT COLLECTOR ANNAMAYYA_IDA),429,122,56,0,74998530.0,177895606.0,7.5412587412587415,57.1,1,3,0.28438228438228436,0.13053613053613053,0.0,13.053613053613052,0.0,7.5412587412587415,7.5,HIGH,LOW
Anoopgarh(DISTRICT COLLECTOR Anoopgarh_IDA),3,0,0,0,1353992.0,2673590.0,0.0,0.0,1,1,0.0,0.0,0.0,0.0,0.0,0.0,0.0,LOW,LOW
Anugola(DISTRICT COLLECTORANGUL_IDA),49,0,1,0,1030128.0,45585000.0,1.1653061224489796,57.1,1,3,0.0,0.02040816326530612,0.0,2.0408163265306123,0.0,1.1653061224489796,1.2,HIGH,LOW
Ariyalur(District Collector Ariyalur_IDA),37,19,0,0,28320013.0,42978362.0,0.0,0.0,1,1,0.5135135135135135,0.0,0.0,0.0,0.0,0.0,0.0,HIGH,LOW
BAGALKOTE(DEPUTY COMMISSIONER BAGALKOT_IDA),276,107,14,0,73173168.0,142600975.0,2.9644927536231886,57.1,1,3,0.38768115942028986,0.050724637681159424,0.0,5.072463768115942,0.0,2.9644927536231886,2.9,HIGH,LOW
BAGESHWAR(DISTRICT MAGISTRATE BAGESHWAR_IDA),45,1,0,0,2204042.0,8728000.0,0.0,0.0,1,2,0.022222222222222223,0.0,0.0,0.0,0.0,0.0,0.0,HIGH,LOW
BAGHPAT(DISTRICT MAGISTRATE BAGHPAT_IDA),97,25,2,0,44826000.0,94567434.0,1.177319587628866,57.1,1,2,0.25773195876288657,0.020618556701030927,0.0,2.0618556701030926,0.0,1.177319587628866,1.2,HIGH,LOW
BAHRAICH(DISTRICT MAGISTRAE BAHRAICH_IDA),140,40,0,0,91359091.0,181014665.0,0.0,0.0,1,3,0.2857142857142857,0.0,0.0,0.0,0.0,0.0,0.0,HIGH,LOW
BAJALI(DC Office Bajali),7,0,0,0,1800000.0,8600000.0,0.0,0.0,1,2,0.0,0.0,0.0,0.0,0.0,0.0,0.0,MEDIUM,LOW
BAKSA(DEPUTY COMMISSIONER BAKSA_IDA),28,0,0,0,7900000.0,23950000.0,0.0,0.0,1,3,0.0,0.0,0.0,0.0,0.0,0.0,0.0,HIGH,LOW
BALAGHAT(DISTRICT COLLECTOR BALAGHAT_IDA),144,62,1,0,78160509.0,87311118.0,0.15416666666666667,22.2,1,2,0.4305555555555556,0.006944444444444444,0.0,0.6944444444444444,0.0,0.15416666666666667,0.3,HIGH,LOW
BALANGIR(DISTRICT COLLECTOR BOLANGIR_IDA),164,3,5,0,4193424.0,56650000.0,1.7408536585365855,57.1,1,1,0.018292682926829267,0.03048780487804878,0.0,3.048780487804878,0.0,1.7408536585365855,1.7,HIGH,LOW
BALLARI(DEPUTY COMMISSIONER BELLARY_IDA),99,3,0,0,56046345.0,129120000.0,0.0,0.0,1,4,0.030303030303030304,0.0,0.0,0.0,0.0,0.0,0.0,HIGH,LOW
BALLIA(DISTRICT MAGISTRAE BALLIA_IDA),719,154,12,0,147990622.0,302205252.0,0.952990264255911,57.1,2,4,0.2141863699582754,0.016689847009735744,0.0,1.6689847009735743,0.0,0.952990264255911,1.0,HIGH,LOW
BALOD(Collector Balod_IDA),28,19,1,0,26513937.0,33183937.0,2.039285714285714,57.1,1,2,0.6785714285714286,0.03571428571428571,0.0,3.571428571428571,0.0,2.039285714285714,2.0,HIGH,LOW
BALRAMPUR(DISTRICT MAGISTRATE BALRAMPUR_IDA),711,13,0,0,15094456.0,55947032.0,0.0,0.0,1,2,0.01828410689170183,0.0,0.0,0.0,0.0,0.0,0.0,HIGH,LOW
BANAS KANTHA(DISTRICT COLLECTOR BANAS KANTHA_IDA),527,208,18,0,118150491.0,262629003.0,1.9502846299810246,57.1,1,3,0.3946869070208729,0.03415559772296015,0.0,3.415559772296015,0.0,1.9502846299810246,2.0,HIGH,LOW
BANDA(DISTRICT MAGISTRATE BANDA_IDA),282,158,0,0,49065196.67,82742281.12,0.0,0.0,1,2,0.5602836879432624,0.0,0.0,0.0,0.0,0.0,0.0,HIGH,LOW
BANDIPORA(Deputy Commissioner Bandipora_IDA),40,14,0,0,2471421.0,9766699.0,0.0,0.0,1,1,0.35,0.0,0.0,0.0,0.0,0.0,0.0,HIGH,LOW
BANKA(DISTRICT PLANNING OFFICER BANKA_IDA),73,44,2,0,47136087.0,70643186.0,1.5643835616438357,57.1,1,2,0.6027397260273972,0.0273972602739726,0.0,2.73972602739726,0.0,1.5643835616438357,1.6,HIGH,LOW
BANKURA(DISTRICT MAGISTRATE BANKURA_IDA),175,73,48,0,90212854.0,184494559.0,15.661714285714286,57.1,1,3,0.41714285714285715,0.2742857142857143,0.0,27.42857142857143,0.0,15.661714285714286,15.7,HIGH,LOW
BANSWARA(DISTRICT COLLECTOR BANSWARA_IDA),69,9,0,0,55536665.0,82841348.0,0.0,0.0,1,2,0.13043478260869565,0.0,0.0,0.0,0.0,0.0,0.0,HIGH,LOW
BARAMULLA(DEPUTY COMMISSIONER BARAMULLAH_IDA),61,9,0,0,7120591.0,22741445.0,0.0,0.0,1,1,0.14754098360655737,0.0,0.0,0.0,0.0,0.0,0.0,HIGH,LOW
BARAN(DISTRICT COLLECTOR BARAN_IDA),13,0,0,0,4051304.0,12022000.0,0.0,0.0,1,1,0.0,0.0,0.0,0.0,0.0,0.0,0.0,HIGH,LOW
BAREILLY(DISTRICT MAGISTRAE BAREILLY_IDA),250,186,0,0,134843901.0,177790326.0,0.0,0.0,1,4,0.744,0.0,0.0,0.0,0.0,0.0,0.0,HIGH,LOW
BARMER(DISTRICT COLLECTOR BARMER_IDA),139,47,3,0,60072162.0,104539533.0,1.3676258992805754,57.1,1,3,0.3381294964028777,0.02158273381294964,0.0,2.158273381294964,0.0,1.3676258992805754,1.3,HIGH,LOW
BARNALA(DEPUTY COMMISSIONER BARNALA_IDA),297,88,26,0,33693727.0,73366233.0,4.411111111111111,57.1,1,1,0.2962962962962963,0.08754208754208755,0.0,8.754208754208754,0.0,4.411111111111111,4.8,HIGH,LOW
BARPETA(DEPUTY COMMISSIONER BARPETA 1),43,0,0,0,20790000.0,48650000.0,0.0,0.0,2,3,0.0,0.0,0.0,0.0,0.0,0.0,0.0,HIGH,LOW
BARWANI(DISTRICT COLLECTOR BADWANI_IDA),221,66,0,0,38667954.0,64903976.0,0.0,0.0,1,2,0.2986425339366516,0.0,0.0,0.0,0.0,0.0,0.0,HIGH,LOW
BASTAR(DISTRICT COLLECTOR BASTAR_IDA),155,26,0,0,30710367.0,72863777.0,0.0,0.0,1,2,0.16774193548387098,0.0,0.0,0.0,0.0,0.0,0.0,HIGH,LOW
BASTI(DISTRICT MAGISTRATE BASTI_IDA),184,37,0,0,148929312.0,198571774.0,0.0,0.0,1,2,0.20108695652173914,0.0,0.0,0.0,0.0,0.0,0.0,HIGH,LOW
BATHINDA(DEPUTY COMMISSIONER BHATINDA_IDA),145,45,38,0,34288196.0,55757584.0,14.482758620689655,57.1,2,4,0.3103448275862069,0.2620689655172414,0.0,26.20689655172414,0.0,14.482758620689655,14.8,HIGH,LOW
BEED(DISTRICT COLLECTOR BEED_IDA),124,30,0,0,65736742.0,139853557.0,0.0,0.0,2,2,0.24193548387096775,0.0,0.0,0.0,0.0,0.0,0.0,HIGH,LOW
BEGUSARAI(DISTRICT PLANNING OFFICER BEGUSARAI_IDA),67,17,5,0,32994877.0,90475232.0,4.2611940298507465,57.1,1,1,0.2537313432835821,0.07462686567164178,0.0,7.462686567164178,0.0,4.2611940298507465,4.3,HIGH,LOW
BELAGAVI(DEPUTY COMMISSIONER BELGAUM_IDA),372,18,0,0,31730936.0,220185772.0,0.05053763440860215,18.8,1,6,0.04838709677419355,0.0,0.0,0.0,0.0,0.05053763440860215,0.0,HIGH,LOW
BEMETARA(Collector Bemetara_IDA),48,10,0,0,17914707.0,32140837.0,0.0,0.0,1,1,0.20833333333333334,0.0,0.0,0.0,0.0,0.0,0.0,HIGH,LOW
BENGALURU RURAL(DEPUTY COMMISSIONER BANGALORE RURAL SBM URBAN),91,15,2,0,19824131.0,56586832.0,1.254945054945055,57.1,1,3,0.16483516483516483,0.02197802197802198,0.0,2.197802197802198,0.0,1.254945054945055,1.3,HIGH,LOW
BENGALURU URBAN(DEPUTY COMMISSIONER BANGALORE URBAN_IDA),639,273,8,0,344120929.0,612368545.0,0.7148669796557121,57.1,1,7,0.4272300469483568,0.012519561815336464,0.0,1.2519561815336464,0.0,0.7148669796557121,0.7,HIGH,LOW
BETUL(DISTRICT COLLECTOR BETUL_IDA),327,191,6,0,56741127.0,95950850.0,1.0477064220183487,57.1,2,2,0.5840978593272171,0.01834862385321101,0.0,1.834862385321101,0.0,1.0477064220183487,1.0,HIGH,LOW
BHADOHI(DISTRICT MAGISTRATE BHADOHI_IDA),404,273,6,0,64345443.0,76371007.0,0.8480198019801981,57.1,1,2,0.6757425742574258,0.01485148514851485,0.0,1.4851485148514851,0.0,0.8480198019801981,0.8,HIGH,LOW
BHADRADRI KOTHAGUDEM(District Collector Bhadradri Ktdm_IDA),126,35,2,0,20612432.0,52607000.0,0.9063492063492063,57.1,1,3,0.2777777777777778,0.015873015873015872,0.0,1.5873015873015872,0.0,0.9063492063492063,0.9,HIGH,LOW
BHADRAK(DISTRICT COLLECTOR BHADRAK_IDA),137,19,3,0,14819581.0,78750000.0,1.2503649635036498,57.1,1,2,0.1386861313868613,0.021897810218978103,0.0,2.18978102189781,0.0,1.2503649635036498,1.3,HIGH,LOW
BHAGALPUR(DISTRICT PLANNING OFFICER BHAGALPUR_IDA),127,80,0,0,143206489.0,155941593.0,0.0,0.0,1,3,0.6299212598425197,0.0,0.0,0.0,0.0,0.0,0.0,HIGH,LOW
BHANDARA(DISTRICT COLLECTOR BHANDARA_IDA),123,14,0,0,18861787.0,111351193.0,0.0,0.0,1,2,0.11382113821138211,0.0,0.0,0.0,0.0,0.0,0.0,HIGH,LOW
BHARATPUR(DISTRICT COLLECTOR BHARATPUR_IDA),99,21,3,0,25764032.0,51566394.0,1.7303030303030305,57.1,2,2,0.21212121212121213,0.030303030303030304,0.0,3.0303030303030303,0.0,1.7303030303030305,1.7,HIGH,LOW
BHARUCH(DISTRICT COLLECTOR BROACH_IDA),264,154,21,0,50950172.0,88581443.0,4.542045454545455,57.1,1,2,0.5833333333333334,0.07954545454545454,0.0,7.954545454545454,0.0,4.542045454545455,4.5,HIGH,LOW
BHAVNAGAR(DISTRICT COLLECTOR BHAVNAGAR_IDA),133,57,6,0,36365830.0,108032748.0,2.5759398496240604,57.1,1,3,0.42857142857142855,0.045112781954887216,0.0,4.511278195488721,0.0,2.5759398496240604,2.6,HIGH,LOW
BHILWARA(DISTRICT COLLECTOR BHILWARA_IDA),155,53,10,0,33452536.0,73345270.0,3.6838709677419357,57.1,1,2,0.3419354838709677,0.06451612903225806,0.0,6.451612903225806,0.0,3.6838709677419357,3.7,HIGH,LOW
BHIND(DISTRICT COLLECTOR BHIND_IDA),110,50,0,0,18918434.0,52728731.0,0.0,0.0,1,2,0.45454545454545453,0.0,0.0,0.0,0.0,0.0,0.0,HIGH,LOW
BHIWANI(DC Cum Nodal Officer MPLADS Bhiwani),130,49,4,0,40202012.0,53824887.0,1.756923076923077,57.1,2,4,0.3769230769230769,0.03076923076923077,0.0,3.076923076923077,0.0,1.756923076923077,1.8,HIGH,LOW
BHOJPUR(DISTRICT PLANNING OFFICER BHOJPUR ARRAH_IDA),221,66,1,0,57716958.0,143335922.0,0.2583710407239819,57.1,1,3,0.2986425339366516,0.004524886877828055,0.0,0.4524886877828055,0.0,0.2583710407239819,0.3,HIGH,LOW
BHOPAL(DISTRICT COLLECTOR BHOPAL_IDA),157,35,1,0,118826253.0,190843980.0,0.3636942675159236,57.1,1,3,0.2229299363057325,0.006369426751592357,0.0,0.6369426751592357,0.0,0.3636942675159236,0.4,HIGH,LOW
BIDAR(DEPUTY COMMISSIONER BIDAR_IDA),441,289,15,0,42816333.0,107749116.0,1.9421768707482994,57.1,1,3,0.655328798185941,0.034013605442176874,0.0,3.4013605442176873,0.0,1.9421768707482994,1.9,HIGH,LOW
BIJAPUR(Collector Bijapur_IDA),21,2,1,0,14580934.5,17646815.0,2.719047619047619,57.1,1,1,0.09523809523809523,0.047619047619047616,0.0,4.761904761904762,0.0,2.719047619047619,2.7,HIGH,LOW
BIJNOR(DISTRICT MAGISTRATE BIJNOR_IDA),636,327,0,0,136594698.0,146155574.0,0.0,0.0,1,5,0.5141509433962265,0.0,0.0,0.0,0.0,0.0,0.0,HIGH,LOW
BIKANER(DISTRICT COLLECTOR BIKANER_IDA),85,27,5,0,48314781.0,109167526.0,3.3588235294117648,57.1,1,2,0.3176470588235294,0.058823529411764705,0.0,5.88235294117647,0.0,3.3588235294117648,3.4,HIGH,LOW
"BILASPUR(DEPUTY COMMISSIONER, BILASPUR)",50,7,7,0,6654874.0,16079874.0,7.994,57.1,1,2,0.14,0.14,0.0,14.000000000000002,0.0,7.994,8.0,HIGH,LOW
BILASPUR(DISTRICT COLLECTOR BILASPUR_IDA),83,20,3,0,33986069.0,65378856.0,2.063855421686747,57.1,2,2,0.24096385542168675,0.03614457831325301,0.0,3.614457831325301,0.0,2.063855421686747,2.1,HIGH,LOW
BIRBHUM(DISTRICT MAGISTRATE BIRBHUM_IDA),243,173,7,0,207084876.6,275812561.6,1.6448559670781893,57.1,1,3,0.7119341563786008,0.02880658436213992,0.0,2.880658436213992,0.0,1.6448559670781893,1.6,HIGH,LOW
BISHNUPUR(Deputy Commissioner Bishnupur_ida),10,0,0,0,8756343.0,16286343.0,0.0,0.0,1,3,0.0,0.0,0.0,0.0,0.0,0.0,0.0,HIGH,LOW
BOKARO(DEPUTY COMMISSIONER BOKARO_IDA),537,1,330,0,26814860.0,85873900.0,35.089385474860336,57.1,1,3,0.00186219739292365,0.6145251396648045,0.0,61.452513966480446,0.0,35.089385474860336,35.1,HIGH,MEDIUM
BONGAIGAON(Deputy Commissioner Bongaigaon_IDA),53,4,0,0,31968800.0,56628000.0,0.0,0.0,1,3,0.07547169811320754,0.0,0.0,0.0,0.0,0.0,0.0,HIGH,LOW
BOTAD(District collector Botad_IDA),21,7,1,0,7041039.0,21183685.0,2.719047619047619,57.1,1,3,0.3333333333333333,0.047619047619047616,0.0,4.761904761904762,0.0,2.719047619047619,2.7,HIGH,LOW
BOUDH(District Collector Boudh_IDA),31,1,0,0,429972.0,11689972.0,0.0,0.0,1,2,0.03225806451612903,0.0,0.0,0.0,0.0,0.0,0.0,HIGH,LOW
BUDAUN(DISTRICT MAGISTRATE BUDAUN_IDA),519,384,4,0,309837265.09000003,370914599.09000003,0.44007707129094414,57.1,2,4,0.7398843930635838,0.007707129094412331,0.0,0.7707129094412332,0.0,0.44007707129094414,0.4,HIGH,LOW
BULANDSHAHR(DISTRICT MAGISTRATE BULANDSHAHR_IDA),452,211,1,0,174980977.0,272199793.0,0.12632743362831858,57.1,1,3,0.4668141592920354,0.0022123893805309734,0.0,0.22123893805309736,0.0,0.12632743362831858,0.1,HIGH,LOW
BULDHANA(DISTRICT COLLECTOR BULDHANA_IDA),74,2,0,0,3836514.0,58029101.0,0.0,0.0,1,2,0.02702702702702703,0.0,0.0,0.0,0.0,0.0,0.0,HIGH,LOW
BUNDI(DISTRICT COLLECTOR BUNDI_IDA),40,17,4,0,9507718.0,24600598.0,5.71,57.1,1,2,0.425,0.1,0.0,10.0,0.0,5.71,5.7,HIGH,LOW
BURHANPUR(District Collector Burhanpur_IDA),61,43,1,0,17078941.0,22215871.0,0.9360655737704918,57.1,1,1,0.7049180327868853,0.01639344262295082,0.0,1.639344262295082,0.0,0.9360655737704918,0.9,HIGH,LOW
BUXAR(DISTRICT PLANNING OFFICER BUXAR_IDA),71,29,0,0,38291847.0,70059166.0,0.0,0.0,1,2,0.4084507042253521,0.0,0.0,0.0,0.0,0.0,0.0,HIGH,LOW
Baleshwar(DISTRICT COLLECTOR BALESHWAR_IDA),283,21,3,0,15650994.0,104081000.0,0.6053003533568905,57.1,1,3,0.07420494699646643,0.01060070671378092,0.0,1.0600706713780919,0.0,0.6053003533568905,0.6,HIGH,LOW
Balodabazar-Bhatapara(Collector Baloda Bazar_IDA),79,45,0,0,50920595.0,64895984.0,0.0,0.0,1,3,0.569620253164557,0.0,0.0,0.0,0.0,0.0,0.0,HIGH,LOW
Balotra(DISTRICT COLLECTOR Balotra_IDA),78,50,2,0,37162033.0,51709507.0,1.4641025641025642,57.1,1,2,0.6410256410256411,0.02564102564102564,0.0,2.564102564102564,0.0,1.4641025641025642,1.5,HIGH,LOW
Balrampur-Ramanujganj(District Collector BALRAMPUR_IDA),45,9,5,0,23693862.0,35041369.0,6.344444444444444,57.1,1,2,0.2,0.1111111111111111,0.0,11.11111111111111,0.0,6.344444444444444,6.3,HIGH,LOW
Bapatla(DISTRICT COLLECTOR BAPATLA_IDA),128,12,14,0,22459221.0,125241070.0,6.2453125,57.1,1,2,0.09375,0.109375,0.0,10.9375,0.0,6.2453125,6.2,HIGH,LOW
Bara Banki(DISTRICT MAGISTRATE BARABANKI_IDA),41,16,0,0,92526962.0,138593305.0,0.0,0.0,1,3,0.3902439024390244,0.0,0.0,0.0,0.0,0.0,0.0,HIGH,LOW
Baragada(DISTRICT COLLECTOR BARAGARH_IDA),249,42,38,0,28401278.0,97387900.0,8.573895582329317,57.1,1,1,0.1686746987951807,0.15261044176706828,0.0,15.261044176706829,0.0,8.573895582329317,8.7,HIGH,LOW
Beawar(DISTRICT COLLECTOR Beawar_IDA),32,2,2,0,7283085.0,22814272.0,3.56875,57.1,1,4,0.0625,0.0625,0.0,6.25,0.0,3.56875,3.6,HIGH,LOW
Bengaluru South(DEPUTY COMMISSIONER RAMANAGARA_IDA),180,48,2,0,47407352.0,87316913.0,0.6344444444444445,57.1,1,3,0.26666666666666666,0.011111111111111112,0.0,1.1111111111111112,0.0,0.6344444444444445,0.6,HIGH,LOW
Biswanath(Deputy Commissioner Biswanath_IDA),77,13,2,0,40709819.44,69355931.44,1.483116883116883,57.1,1,3,0.16883116883116883,0.025974025974025976,0.0,2.5974025974025974,0.0,1.483116883116883,1.5,HIGH,LOW
Budgam(Deputy Commissioner Budgam_IDA),60,3,0,0,767923.0,27933753.96,0.0,0.0,1,2,0.05,0.0,0.0,0.0,0.0,0.0,0.0,HIGH,LOW
CACHAR(DEPUTY COMMISSIONER CACHAR_IDA),184,0,0,0,24513159.0,135600000.0,0.0,0.0,1,2,0.0,0.0,0.0,0.0,0.0,0.0,0.0,HIGH,LOW
CENTRAL(COMMISSIONER MCD (CENTRAL DISTRICT)),105,28,0,0,41296762.0,162300578.0,0.0,0.0,1,4,0.26666666666666666,0.0,0.0,0.0,0.0,0.0,0.0,HIGH,LOW
CHAMBA(DEPUTY COMMISSIONER CHAMBA_IDA),345,130,8,0,51179356.0,84825723.0,1.1217391304347826,57.1,1,3,0.37681159420289856,0.02318840579710145,0.0,2.318840579710145,0.0,1.1217391304347826,1.3,HIGH,LOW
CHAMOLI(DM Chamoli_IDA),28,2,0,0,1461976.0,28150000.0,0.0,0.0,1,2,0.07142857142857142,0.0,0.0,0.0,0.0,0.0,0.0,HIGH,LOW
CHAMPAWAT(DISTRICT MAGISTRATE CHAMPAWAT_IDA),15,2,0,0,897988.0,3926030.0,0.0,0.0,1,2,0.13333333333333333,0.0,0.0,0.0,0.0,0.0,0.0,HIGH,LOW
"CHAMPHAI(DEPUTY COMMISIONER, CHAMPHAI)",17,8,0,0,5450000.0,7950000.0,0.0,0.0,1,1,0.47058823529411764,0.0,0.0,0.0,0.0,0.0,0.0,HIGH,LOW
CHANDAULI(DISTRICT MAGISTRATE CHANDAULI_IDA),263,178,3,0,405259072.0,460388187.0,0.6513307984790875,57.1,3,4,0.6768060836501901,0.011406844106463879,0.0,1.1406844106463878,0.0,0.6513307984790875,0.7,HIGH,LOW
CHANDIGARH(DEPUTY COMMISSIONER ZILLA PARISHAD CHANDIGARH_IDA),122,33,2,0,33929726.0,82726199.0,1.0901639344262295,57.1,3,5,0.27049180327868855,0.01639344262295082,0.0,1.639344262295082,0.0,1.0901639344262295,1.0,HIGH,LOW
CHANDRAPUR(DISTRICT COLLECTOR CHANDRAPUR_IDA),57,7,0,0,17531470.0,66200000.0,0.0,0.0,1,2,0.12280701754385964,0.0,0.0,0.0,0.0,0.0,0.0,HIGH,LOW
CHANGLANG(Deputy Commisioner Changlang_IDA),1,1,0,0,998070.0,998070.0,0.0,0.0,1,1,1.0,0.0,0.0,0.0,0.0,0.0,0.0,LOW,LOW
CHARAIDEO(Deputy Commissioner Charaideo_IDA),86,10,6,0,11167376.0,25782186.0,3.172093023255814,57.1,1,2,0.11627906976744186,0.06976744186046512,0.0,6.976744186046512,0.0,3.172093023255814,3.7,HIGH,LOW
CHATRA(DEPUTY COMMISSIONER CHATRA_IDA),345,0,66,0,28661363.0,64600000.0,10.923478260869565,57.1,1,2,0.0,0.19130434782608696,0.0,19.130434782608695,0.0,10.923478260869565,10.9,HIGH,LOW
CHENGALPATTU(District Collector Chengalpattu_IDA),355,250,0,0,93371237.0,202980253.0,0.05295774647887324,18.8,1,5,0.704225352112676,0.0,0.0,0.0,0.0,0.05295774647887324,0.0,HIGH,LOW
CHENNAI(COMMISSIONER MUNCIPAL CORPORATION CHENNAI_IDA),171,55,1,0,188979138.0,418453522.0,0.3339181286549708,57.1,1,5,0.3216374269005848,0.005847953216374269,0.0,0.5847953216374269,0.0,0.3339181286549708,0.3,HIGH,LOW
CHHATARPUR(District Collector Chhatarpur_IDA),222,28,0,0,40315878.0,107991017.0,0.0,0.0,1,4,0.12612612612612611,0.0,0.0,0.0,0.0,0.0,0.0,HIGH,LOW
CHHINDWARA(DISTRICT COLLECTOR CHHINDWARA_IDA),404,98,4,0,44622343.0,75274130.0,0.5653465346534654,57.1,1,2,0.24257425742574257,0.009900990099009901,0.0,0.9900990099009901,0.0,0.5653465346534654,0.6,HIGH,LOW
CHHOTAUDEPUR(DISTRICT COLLECTOR CHHOTA UDEPUR_IDA),226,18,15,0,5325406.0,61964622.0,3.7898230088495577,57.1,1,2,0.07964601769911504,0.06637168141592921,0.0,6.637168141592921,0.0,3.7898230088495577,3.8,HIGH,LOW
CHIKKABALLAPURA(DEPUTY COMMISSIONER CHICKKABALLAPUR_IDA),87,2,1,0,26337696.0,67086000.0,0.6563218390804598,57.1,1,3,0.022988505747126436,0.011494252873563218,0.0,1.1494252873563218,0.0,0.6563218390804598,0.7,HIGH,LOW
CHIKKAMAGALURU(DEPUTY COMMISSIONER CHIKMAGALUR),277,32,5,0,86793369.0,202156238.0,1.0306859205776173,57.1,1,4,0.11552346570397112,0.018050541516245487,0.0,1.8050541516245486,0.0,1.0306859205776173,1.0,HIGH,LOW
CHIRANG(Deputy Commissioner Chirang_IDA),183,2,0,0,119507080.0,215067837.0,0.10273224043715848,18.8,1,3,0.01092896174863388,0.0,0.0,0.0,0.0,0.10273224043715848,0.0,HIGH,LOW
CHITRADURGA(DEPUTY COMMISSIONER CHITRADURGA_IDA),188,10,2,0,36128593.0,100580000.0,0.6074468085106383,57.1,1,2,0.05319148936170213,0.010638297872340425,0.0,1.0638297872340425,0.0,0.6074468085106383,0.6,HIGH,LOW
CHITRAKOOT(DISTRICT MAGISTRATE CHITRAKOOT_IDA),178,44,0,0,32953634.0,57495658.0,0.0,0.0,1,2,0.24719101123595505,0.0,0.0,0.0,0.0,0.0,0.0,HIGH,LOW
CHITTOOR(DISTRICT COLLECTOR CHITTOOR_IDA),388,209,20,0,94238029.0,171249171.0,2.943298969072165,57.1,1,3,0.538659793814433,0.05154639175257732,0.0,5.154639175257731,0.0,2.943298969072165,2.9,HIGH,LOW
CHITTORGARH(DISTRICT COLLECTOR CHITTORGARH_IDA),91,8,1,0,6519978.0,44687480.0,0.6274725274725275,57.1,1,3,0.08791208791208792,0.01098901098901099,0.0,1.098901098901099,0.0,0.6274725274725275,0.6,HIGH,LOW
CHURACHANDPUR(Deputy Commissioner Churachandpur MPLADS_ida),14,13,0,0,25951963.0,25951963.0,0.0,0.0,1,1,0.9285714285714286,0.0,0.0,0.0,0.0,0.0,0.0,HIGH,LOW
CHURU(DISTRICT COLLECTOR CHURU_IDA),197,27,7,0,53297392.0,111387870.0,2.0289340101522844,57.1,2,2,0.13705583756345177,0.03553299492385787,0.0,3.5532994923857872,0.0,2.0289340101522844,2.0,HIGH,LOW
COIMBATORE(DISTRICT COLLECTOR COIMBATORE_IDA),103,39,0,0,77752379.0,175906360.0,0.0,0.0,1,4,0.3786407766990291,0.0,0.0,0.0,0.0,0.0,0.0,HIGH,LOW
CUDDALORE(DISTRICT COLLECTOR CUDDALORE_IDA),203,140,2,0,132355526.0,175291246.0,0.5625615763546798,57.1,1,3,0.6896551724137931,0.009852216748768473,0.0,0.9852216748768473,0.0,0.5625615763546798,0.6,HIGH,LOW
Chamarajanagar(DEPUTY COMMISSIONER CHAMARAJNAGAR_IDA),62,17,0,0,33427615.0,46250000.0,0.0,0.0,1,1,0.27419354838709675,0.0,0.0,0.0,0.0,0.0,0.0,HIGH,LOW
Charkhi Dadri(Deputy Commissioner Charkhi Dadri_IDA),44,24,1,0,13783878.0,17876452.0,1.2977272727272728,57.1,1,2,0.5454545454545454,0.022727272727272728,0.0,2.272727272727273,0.0,1.2977272727272728,1.3,HIGH,LOW
Chhatrapati Sambhajinagar(DISTRICT COLLECTOR AURANGABAD_IDA),147,68,0,0,86359991.0,164695742.0,0.0,0.0,1,3,0.46258503401360546,0.0,0.0,0.0,0.0,0.0,0.0,HIGH,LOW
Chumoukedima(Deputy Commissioner Chumoukedima_IDA),11,7,0,0,9200000.0,9700000.0,0.0,0.0,1,2,0.6363636363636364,0.0,0.0,0.0,0.0,0.0,0.0,HIGH,LOW
Cooch Behar(DISTRICT MAGISTRATE COOCHBEHAR_IDA),126,2,1,0,116330507.0,230293700.68,0.4531746031746032,57.1,1,3,0.015873015873015872,0.007936507936507936,0.0,0.7936507936507936,0.0,0.4531746031746032,0.5,HIGH,LOW
DADRA AND NAGAR HAVELI(DISTRICT COLLECTOR Dadar and Nagar Haveli_IDA),2,0,0,0,0.0,14700000.0,0.0,0.0,1,1,0.0,0.0,0.0,0.0,0.0,0.0,0.0,LOW,LOW
DAKSHINA KANNADA(DEPUTY COMMISSIONER DAKSHIN KANNAD MANGALORE_IDA),350,83,5,0,64480845.0,169061059.0,0.8157142857142857,57.1,1,3,0.23714285714285716,0.014285714285714285,0.0,1.4285714285714286,0.0,0.8157142857142857,0.8,HIGH,LOW
DAMAN(DISTRICT COLLECTOR DAMAN_IDA),27,0,0,0,0.0,126810200.0,0.0,0.0,1,1,0.0,0.0,0.0,0.0,0.0,0.0,0.0,HIGH,LOW
DAMOH(DISTRICT COLLECTOR DAMOH_IDA),200,112,2,0,48196038.0,61188200.0,0.5710000000000001,57.1,1,2,0.56,0.01,0.0,1.0,0.0,0.5710000000000001,0.6,HIGH,LOW
DARBHANGA(DISTRICT PLANNING OFFICER DARBANGA_IDA),338,139,4,0,133819876.0,189718994.0,0.6757396449704142,57.1,1,4,0.41124260355029585,0.011834319526627219,0.0,1.183431952662722,0.0,0.6757396449704142,0.7,HIGH,LOW
DARJEELING(DISTRICT MAGISTRATE DARJEELING_IDA),140,52,3,0,29695798.0,94982257.0,1.2235714285714288,57.1,1,3,0.37142857142857144,0.02142857142857143,0.0,2.142857142857143,0.0,1.2235714285714288,1.2,HIGH,LOW
DARRANG(DEPUTY COMMISSIONER DARRANG_IDA),8,1,0,0,2100000.0,5000000.0,0.0,0.0,1,2,0.125,0.0,0.0,0.0,0.0,0.0,0.0,MEDIUM,LOW
DATIA(District Collector Datia_IDA),44,12,0,0,10113568.0,25705888.0,0.0,0.0,1,4,0.2727272727272727,0.0,0.0,0.0,0.0,0.0,0.0,HIGH,LOW
DAUSA(DISTRICT COLLECTOR DAUSA_IDA),134,38,0,0,43166007.0,93010222.0,0.0,0.0,1,2,0.2835820895522388,0.0,0.0,0.0,0.0,0.0,0.0,HIGH,LOW
DEHRADUN(DISTRICT MAGISTRATE DEHRADUN_IDA),248,110,8,0,92323192.0,154910102.0,1.8419354838709678,57.1,2,4,0.4435483870967742,0.03225806451612903,0.0,3.225806451612903,0.0,1.8419354838709678,1.8,HIGH,LOW
DEOGHAR(DEPUTY COMMISSIONER DEOGHAR_IDA),56,27,0,0,11561676.0,21425000.0,0.0,0.0,1,3,0.48214285714285715,0.0,0.0,0.0,0.0,0.0,0.0,HIGH,LOW
DEORIA(DISTRICT MAGISTRATE DEORIA),286,82,2,0,149938866.0,233463375.0,0.39930069930069934,57.1,1,4,0.2867132867132867,0.006993006993006993,0.0,0.6993006993006993,0.0,0.39930069930069934,0.4,HIGH,LOW
DEVBHUMI DWARKA(DISTRICT COLLECTOR DEVBHUMI DWARKA_IDA),62,18,2,0,9061484.0,32042578.0,1.8419354838709678,57.1,1,2,0.2903225806451613,0.03225806451612903,0.0,3.225806451612903,0.0,1.8419354838709678,1.8,HIGH,LOW
DEWAS(DISTRICT COLLECTOR DEWAS_IDA),137,30,0,0,43296138.0,89333702.0,0.0,0.0,1,4,0.21897810218978103,0.0,0.0,0.0,0.0,0.0,0.0,HIGH,LOW
DHAMTARI(DISTRICT COLLECTOR DHAMTARI_IDA),35,15,0,0,15322415.0,26368401.0,0.0,0.0,1,3,0.42857142857142855,0.0,0.0,0.0,0.0,0.0,0.0,HIGH,LOW
DHANBAD(DEPUTY COMMISSIONER DHANBAD_IDA),406,92,0,0,66232500.0,140202425.0,0.0,0.0,1,3,0.22660098522167488,0.0,0.0,0.0,0.0,0.0,0.0,HIGH,LOW
DHAR(DISTRICT COLLECTOR DHAR_IDA),363,208,0,0,93624011.0,131626465.0,0.0,0.0,1,3,0.5730027548209367,0.0,0.0,0.0,0.0,0.0,0.0,HIGH,LOW
DHARMAPURI(DISTRICT COLLECTOR DHARMAPURI_IDA),350,40,0,0,59320637.0,153467102.0,0.0,0.0,1,1,0.11428571428571428,0.0,0.0,0.0,0.0,0.0,0.0,HIGH,LOW
DHARWAD(DEPUTY COMMISSIONER DHARWAR_IDA),182,24,7,0,47709751.0,120040626.0,2.196153846153846,57.1,1,3,0.13186813186813187,0.038461538461538464,0.0,3.8461538461538463,0.0,2.196153846153846,2.2,HIGH,LOW
DHEMAJI(DEPUTY COMMISSIONER DHEMAJI_IDA),99,30,0,0,46468208.0,61799800.0,0.0,0.0,1,2,0.30303030303030304,0.0,0.0,0.0,0.0,0.0,0.0,HIGH,LOW
DHENKANAL(DISTRICT COLLECTOR DHENKANAL_IDA),58,0,1,0,2008929.0,40280000.0,0.9844827586206897,57.1,1,2,0.0,0.017241379310344827,0.0,1.7241379310344827,0.0,0.9844827586206897,1.0,HIGH,LOW
DHOLPUR(DISTRICT COLLECTOR DHOLPUR_IDA),65,41,8,0,4665315.0,15054323.0,5.953846153846154,57.1,1,2,0.6307692307692307,0.12307692307692308,0.0,12.307692307692308,0.0,5.953846153846154,6.7,HIGH,LOW
DHUBRI(DEPUTY COMMISSIONER DHUBRI_IDA),109,20,1,0,22871335.0,57849429.0,0.5238532110091744,57.1,1,2,0.1834862385321101,0.009174311926605505,0.0,0.9174311926605505,0.0,0.5238532110091744,0.5,HIGH,LOW
DHULE(DISTRICT COLLECTOR DHULE_IDA),170,101,2,0,33581625.0,109447934.0,0.6717647058823529,57.1,1,3,0.5941176470588235,0.011764705882352941,0.0,1.1764705882352942,0.0,0.6717647058823529,0.7,HIGH,LOW
DIBANG VALLEY(Deputy Commisioner Dibang Valley_IDA),1,1,0,0,1200000.0,1200000.0,0.0,0.0,1,1,1.0,0.0,0.0,0.0,0.0,0.0,0.0,LOW,LOW
DIBRUGARH(DEPUTY COMMISSIONER DIBRUGARH_IDA),43,0,2,0,11018346.0,55800000.0,2.655813953488372,57.1,2,2,0.0,0.046511627906976744,0.0,4.651162790697675,0.0,2.655813953488372,2.7,HIGH,LOW
DIMA HASAO(DEPUTY COMMISSIONER Dima Hasao_IDA),1,0,0,0,4998740.0,5000000.0,0.0,0.0,1,1,0.0,0.0,0.0,0.0,0.0,0.0,0.0,LOW,LOW
DIMAPUR(DEPUTY COMMISSIONER DIMAPUR_IDA),5,5,0,0,11200000.0,11200000.0,0.0,0.0,1,2,1.0,0.0,0.0,0.0,0.0,0.0,0.0,MEDIUM,LOW
DINDIGUL(DISTRICT COLLECTOR DINDIGUL_IDA),171,58,1,0,108884576.0,183436585.0,0.3339181286549708,57.1,1,3,0.3391812865497076,0.005847953216374269,0.0,0.5847953216374269,0.0,0.3339181286549708,0.3,HIGH,LOW
DINDORI(District Collector Dindori_IDA),90,1,0,0,20721648.0,37891505.0,0.2088888888888889,18.8,1,3,0.011111111111111112,0.0,0.0,0.0,0.0,0.2088888888888889,0.1,HIGH,LOW
DIU(Collector Diu),31,0,0,0,0.0,110976000.0,0.0,0.0,1,1,0.0,0.0,0.0,0.0,0.0,0.0,0.0,HIGH,LOW
DODA(Deputy Commissioner Doda_IDA),39,12,0,0,4302200.0,16392200.0,0.0,0.0,1,2,0.3076923076923077,0.0,0.0,0.0,0.0,0.0,0.0,HIGH,LOW
DUMKA(DEPUTY COMMISSIONER DUMKA_IDA),186,2,6,0,47299305.0,74089000.0,1.8419354838709678,57.1,1,3,0.010752688172043012,0.03225806451612903,0.0,3.225806451612903,0.0,1.8419354838709678,1.8,HIGH,LOW
DUNGARPUR(DISTRICT COLLECTOR DUNGARPUR_IDA),224,46,17,0,76296113.0,181040302.0,4.021875,57.1,1,3,0.20535714285714285,0.07589285714285714,0.0,7.5892857142857135,0.0,4.021875,4.2,HIGH,LOW
DURG(DISTRICT COLLECTOR DURG_IDA),192,65,0,0,54335776.0,107431080.0,0.0,0.0,1,2,0.3385416666666667,0.0,0.0,0.0,0.0,0.0,0.0,HIGH,LOW
Dahod(DISTRICT COLLECTOR DOHAD_IDA),348,70,32,0,25876501.0,123312259.0,5.250574712643679,57.1,1,2,0.20114942528735633,0.09195402298850575,0.0,9.195402298850574,0.0,5.250574712643679,5.3,HIGH,LOW
Dakshin Bastar Dantewada(Collector Dantewada_IDA),45,0,0,0,1250000.0,12487604.0,0.0,0.0,1,2,0.0,0.0,0.0,0.0,0.0,0.0,0.0,HIGH,LOW
Dakshin Dinajpur(DISTRICT MAGISTRATE DINAJPUR DAKSHIN_IDA),187,33,30,0,26156776.0,85590601.8,9.16042780748663,57.1,1,2,0.17647058823529413,0.16042780748663102,0.0,16.0427807486631,0.0,9.16042780748663,9.2,HIGH,LOW
Dangs(DISTRICT COLLECTOR DANG_IDA),46,8,29,0,7736739.0,20508565.0,35.99782608695652,57.1,4,3,0.17391304347826086,0.6304347826086957,0.0,63.04347826086957,0.0,35.99782608695652,36.0,HIGH,MEDIUM
Davanagere(DEPUTY COMMISSIONER DAUANAGERE_IDA),95,8,0,0,58186763.0,96086763.0,0.0,0.0,1,3,0.08421052631578947,0.0,0.0,0.0,0.0,0.0,0.0,HIGH,LOW
Debagada(District Collector Deogarh_IDA),33,0,0,0,1000000.0,18800000.0,0.0,0.0,1,1,0.0,0.0,0.0,0.0,0.0,0.0,0.0,HIGH,LOW
Deeg(DISTRICT COLLECTOR Deeg_IDA),126,27,7,0,49754275.0,87838773.0,3.172222222222222,57.1,1,2,0.21428571428571427,0.05555555555555555,0.0,5.555555555555555,0.0,3.172222222222222,3.2,HIGH,LOW
Dhalai(DISTRICT MAGISTRATE DHALAI_IDA),7,0,1,0,5623303.0,42979250.0,8.157142857142857,57.1,1,2,0.0,0.14285714285714285,0.0,14.285714285714285,0.0,8.157142857142857,8.2,MEDIUM,LOW
Dharashiv(DISTRICT COLLECTOR OSMANABAD_IDA),150,25,0,0,20683695.0,103754814.0,0.0,0.0,1,2,0.16666666666666666,0.0,0.0,0.0,0.0,0.0,0.0,HIGH,LOW
Didwana-Kuchaman(DISTRICT COLLECTOR Didwana Kuchaman_IDA),86,33,0,0,46018258.0,77095302.0,0.0,0.0,1,2,0.38372093023255816,0.0,0.0,0.0,0.0,0.0,0.0,HIGH,LOW
Dr. B.R. Ambedkar Konaseema(DISTRICT COLLECTOR Dr B R AMBEDKAR KONASEEMA_IDA),125,51,3,0,68278879.0,108546562.0,1.3704,57.1,1,3,0.408,0.024,0.0,2.4,0.0,1.3704,1.4,HIGH,LOW
Dudu(DISTRICT COLLECTOR Dudu_IDA),10,3,2,0,2845066.0,5740388.0,11.42,57.1,1,1,0.3,0.2,0.0,20.0,0.0,11.42,11.4,HIGH,LOW
EAST GARO HILLS(DEPUTY COMMISSIONER EAST GARO HILLS WILLIAMNAGAR_IDA),93,2,0,0,18400000.0,33450000.0,0.0,0.0,1,1,0.021505376344086023,0.0,0.0,0.0,0.0,0.0,0.0,HIGH,LOW
"EAST GODAVARI(DISTRICT COLLECTOR, EAST GODAVARI)",49,6,14,0,28007320.0,134095535.0,17.422448979591838,57.1,1,7,0.12244897959183673,0.2857142857142857,0.0,28.57142857142857,0.0,17.422448979591838,16.7,HIGH,LOW
EAST JAINTIA HILLS(DEPUTY COMMISSIONER EAST JAINTIA HILLS KHLIEHRIAT_IDA),20,13,0,0,6900000.0,7750000.0,0.0,0.0,1,1,0.65,0.0,0.0,0.0,0.0,0.0,0.0,HIGH,LOW
EAST KAMENG(Deputy Commisioner East Kameng_IDA),7,7,0,0,6500000.0,6500000.0,0.0,0.0,1,1,1.0,0.0,0.0,0.0,0.0,0.0,0.0,MEDIUM,LOW
"EAST KHASI HILLS(Deputy Commissioner, East Khasi Hills District)",66,21,0,0,21695000.0,30830000.0,0.0,0.0,2,2,0.3181818181818182,0.0,0.0,0.0,0.0,0.0,0.0,HIGH,LOW
EAST SIANG(Deputy Commisioner East Siang_IDA),83,45,0,0,38670468.0,63199802.0,0.0,0.0,1,1,0.5421686746987951,0.0,0.0,0.0,0.0,0.0,0.0,HIGH,LOW
EAST SINGHBUM(DEPUTY COMMISSIONER EAST SINGHBUM_IDA),180,3,0,0,77045972.0,103147597.0,0.0,0.0,1,2,0.016666666666666666,0.0,0.0,0.0,0.0,0.0,0.0,HIGH,LOW
EAST(COMMISSIONER EAST),109,54,2,0,23915861.0,110606609.0,1.0477064220183487,57.1,1,2,0.4954128440366973,0.01834862385321101,0.0,1.834862385321101,0.0,1.0477064220183487,1.0,HIGH,LOW
EASTERN WEST KHASI HILLS(DEPUTY COMMISSIONER EASTERN WEST KHASI HILLS MAIRANG_IDA),13,2,0,0,2450000.0,4500000.0,0.0,0.0,1,1,0.15384615384615385,0.0,0.0,0.0,0.0,0.0,0.0,HIGH,LOW
ERNAKULAM(DISTRICT COLLECTOR ERNAKULAM_IDA),476,85,2,0,76129901.0,404162279.0,0.23991596638655463,57.1,1,5,0.17857142857142858,0.004201680672268907,0.0,0.42016806722689076,0.0,0.23991596638655463,0.2,HIGH,LOW
ERODE(DISTRICT_COLLECTORE_ERODE_IDA),291,159,0,0,132513450.0,210288579.0,0.0,0.0,1,4,0.5463917525773195,0.0,0.0,0.0,0.0,0.0,0.0,HIGH,LOW
ETAH(DISTRICT MAGISTRATE ETAH_IDA),284,221,0,0,150878709.0,179741064.0,0.7281690140845071,18.8,2,5,0.778169014084507,0.0,0.0,0.0,0.0,0.7281690140845071,0.2,HIGH,LOW
ETAWAH(DISTRICT MAGISTRATE ETAWAH_IDA),309,175,1,0,77323274.0,118897860.07,0.18478964401294498,57.1,1,3,0.5663430420711975,0.003236245954692557,0.0,0.3236245954692557,0.0,0.18478964401294498,0.2,HIGH,LOW
Eluru(DISTRICT COLLECTOR ELURU_IDA),112,56,4,0,41237305.0,111354934.0,2.039285714285714,57.1,1,3,0.5,0.03571428571428571,0.0,3.571428571428571,0.0,2.039285714285714,2.0,HIGH,LOW
FARIDABAD(DEPUTY COMMISSIONER FARIDABAD_IDA),30,4,0,0,7562550.0,27977209.0,0.0,0.0,1,1,0.13333333333333333,0.0,0.0,0.0,0.0,0.0,0.0,HIGH,LOW
FARIDKOT(DEPUTY COMMISSIONER FARIDKOT_IDA),416,165,0,0,76410175.0,118244057.0,0.0,0.0,1,3,0.39663461538461536,0.0,0.0,0.0,0.0,0.0,0.0,HIGH,LOW
FARRUKHABAD(DISTRICT MAGISTRAE FARRUKHABAD_IDA),320,272,0,0,108493802.0,136800721.0,0.0,0.0,1,2,0.85,0.0,0.0,0.0,0.0,0.0,0.0,HIGH,LOW
FATEHABAD(Deputy Commissioner Fatehabad),137,20,7,0,23874514.0,84117641.0,2.408029197080292,57.1,1,2,0.145985401459854,0.051094890510948905,0.0,5.109489051094891,0.0,2.408029197080292,2.8,HIGH,LOW
FATEHGARH SAHIB(DEPUTY COMMISSIONER FATEHGARH SAHIB_IDA),121,17,14,0,8735721.0,30656837.0,6.318181818181818,57.1,1,3,0.14049586776859505,0.11570247933884298,0.0,11.570247933884298,0.0,6.318181818181818,6.5,HIGH,LOW
FATEHPUR(DISTRICT MAGISTRATE FATEHPUR_IDA),82,12,2,0,28783210.0,76633251.0,1.3926829268292684,57.1,1,2,0.14634146341463414,0.024390243902439025,0.0,2.4390243902439024,0.0,1.3926829268292684,1.4,HIGH,LOW
FAZILKA(DEPUTY COMMISSIONER FAZILKA_IDA),195,120,1,0,36179458.0,50466784.0,0.2928205128205128,57.1,1,4,0.6153846153846154,0.005128205128205128,0.0,0.5128205128205128,0.0,0.2928205128205128,0.3,HIGH,LOW
FEROZEPUR(DEPUTY COMMISSIONER FIROZEPUR_IDA),498,356,0,0,215929539.0,263596316.0,0.03775100401606426,18.8,2,5,0.714859437751004,0.0,0.0,0.0,0.0,0.03775100401606426,0.0,HIGH,LOW
FIROZABAD(DISTRICT MAGISTRATE FIROZABAD_IDA),115,59,5,0,263025956.0,274116827.0,2.482608695652174,57.1,1,2,0.5130434782608696,0.043478260869565216,0.0,4.3478260869565215,0.0,2.482608695652174,2.5,HIGH,LOW
GADAG(Deputy Commsioner Gadag_ida),71,15,0,0,21775000.0,45850000.0,0.0,0.0,1,3,0.2112676056338028,0.0,0.0,0.0,0.0,0.0,0.0,HIGH,LOW
GADCHIROLI(DISTRICT COLLECTOR GADCHIROLI_IDA),85,10,0,0,10711818.0,84750000.0,0.0,0.0,1,1,0.11764705882352941,0.0,0.0,0.0,0.0,0.0,0.0,HIGH,LOW
GAJAPATI(District Collector Gajapati_IDA),33,1,0,0,500000.0,15300000.0,0.0,0.0,1,2,0.030303030303030304,0.0,0.0,0.0,0.0,0.0,0.0,HIGH,LOW
GANDERBAL(Deputy Commissioner Ganderbal_IDA),12,4,1,0,1451299.0,9551298.0,4.758333333333334,57.1,1,2,0.3333333333333333,0.08333333333333333,0.0,8.333333333333332,0.0,4.758333333333334,4.8,HIGH,LOW
GANDHINAGAR(DISTRICT COLLECTOR GANDHINAGAR_IDA),280,44,43,0,23905018.0,112145212.0,8.768928571428573,57.1,1,4,0.15714285714285714,0.15357142857142858,0.0,15.357142857142858,0.0,8.768928571428573,8.8,HIGH,LOW
GANGANAGAR(Zilla GANGANAGAR),57,1,0,0,10330552.0,43917421.0,0.0,0.0,1,2,0.017543859649122806,0.0,0.0,0.0,0.0,0.0,0.0,HIGH,LOW
GANJAM(DISTRICT COLLECTOR GANJAM_IDA),303,28,81,0,19838475.0,114150000.0,15.264356435643565,57.1,1,3,0.0924092409240924,0.26732673267326734,0.0,26.732673267326735,0.0,15.264356435643565,15.3,HIGH,LOW
GARHWA(Deputy Commissioner garhwa_IDA),107,1,10,0,23108788.0,40600000.0,5.336448598130841,57.1,1,1,0.009345794392523364,0.09345794392523364,0.0,9.345794392523365,0.0,5.336448598130841,5.3,HIGH,LOW
GARIYABAND(Collectro Gariaband_IDA),46,14,0,0,14203675.0,27900000.0,0.0,0.0,1,2,0.30434782608695654,0.0,0.0,0.0,0.0,0.0,0.0,HIGH,LOW
GAUTAM BUDDHA NAGAR(DISTRICT MAGISTRATE GAUTAMBUDHNAGAR),265,48,6,0,106242480.16,274227047.28,1.161132075471698,57.1,1,2,0.1811320754716981,0.022641509433962263,0.0,2.2641509433962264,0.0,1.161132075471698,1.3,HIGH,LOW
GAYA(DISTRICT PLANNING OFFICER GAYA_IDA),431,261,22,0,123875583.0,182726962.0,3.0018561484918793,57.1,1,4,0.605568445475638,0.05104408352668213,0.0,5.104408352668213,0.0,3.0018561484918793,2.9,HIGH,LOW
GHAZIABAD(DISTRICT MAGISTRAE GHAZIABAD_IDA),69,28,0,0,37344015.0,66479517.0,0.0,0.0,1,3,0.4057971014492754,0.0,0.0,0.0,0.0,0.0,0.0,HIGH,LOW
GHAZIPUR(DISTRICT MAGISTRAE GHAZIPUR_IDA),969,46,29,0,218186096.5,414847018.0,1.708875128998968,57.1,1,3,0.047471620227038186,0.029927760577915376,0.0,2.9927760577915374,0.0,1.708875128998968,1.7,HIGH,LOW
GIR SOMNATH(DISTRICT COLLECTOR GIR SOMNATH_IDA),193,84,8,0,31018380.0,65654241.0,2.366839378238342,57.1,1,1,0.43523316062176165,0.04145077720207254,0.0,4.145077720207254,0.0,2.366839378238342,2.4,HIGH,LOW
GIRIDIH(Deputy Commissioner Giridh_IDA),735,61,18,0,110464562.0,247804442.0,1.3983673469387754,57.1,1,3,0.08299319727891157,0.024489795918367346,0.0,2.4489795918367347,0.0,1.3983673469387754,1.4,HIGH,LOW
GOALPARA(Deputy Commissioner Goalpara_IDA),90,7,0,0,55448963.0,87850000.0,0.0,0.0,1,3,0.07777777777777778,0.0,0.0,0.0,0.0,0.0,0.0,HIGH,LOW
GODDA(Deputy Commissioner Godda_IDA),32,0,0,0,2325000.0,5800000.0,0.0,0.0,1,2,0.0,0.0,0.0,0.0,0.0,0.0,0.0,HIGH,LOW
GOLAGHAT(Deputy Commissioner Golaghat_IDA),64,0,0,0,12513691.0,76019000.0,0.0,0.0,1,2,0.0,0.0,0.0,0.0,0.0,0.0,0.0,HIGH,LOW
GONDA(DISTRICT MAGISTRATE GONDA_IDA),216,47,2,0,128563621.0,192179741.0,0.5287037037037037,57.1,1,3,0.2175925925925926,0.009259259259259259,0.0,0.9259259259259258,0.0,0.5287037037037037,0.5,HIGH,LOW
GONDIA(DISTRICT COLLECTOR GONDIA_IDA),195,20,16,0,23816626.0,118868863.0,4.685128205128205,57.1,1,3,0.10256410256410256,0.08205128205128205,0.0,8.205128205128204,0.0,4.685128205128205,4.7,HIGH,LOW
GOPALGANJ(DISTRICT PLANNING OFFICER GOPALGANJ_IDA),244,68,0,0,82417449.0,222880065.0,0.0,0.0,2,2,0.2786885245901639,0.0,0.0,0.0,0.0,0.0,0.0,HIGH,LOW
GORAKHPUR(DISTRICT MAGISTRATE GORAKHPUR_IDA),338,16,3,0,102022181.0,247297935.47,0.4035502958579882,57.1,2,5,0.047337278106508875,0.008875739644970414,0.0,0.8875739644970414,0.0,0.4035502958579882,0.5,HIGH,LOW
GUMLA(DEPUTY COMMISSIONER GUMLA_IDA),108,29,0,0,46549409.0,50151051.0,0.0,0.0,1,2,0.26851851851851855,0.0,0.0,0.0,0.0,0.0,0.0,HIGH,LOW
GUNA(District Collector Guna_IDA),25,10,0,0,16351179.0,51400885.0,0.0,0.0,1,2,0.4,0.0,0.0,0.0,0.0,0.0,0.0,HIGH,LOW
GUNTUR(DISTRICT COLLECTOR GUNTUR_IDA),103,10,2,0,41099313.0,109518604.0,1.10873786407767,57.1,1,5,0.0970873786407767,0.019417475728155338,0.0,1.9417475728155338,0.0,1.10873786407767,1.1,HIGH,LOW
GURDASPUR(DEPUTY COMMISSIONER GURDASPUR_IDA),238,58,13,0,82248721.0,146604085.0,2.904621848739496,57.1,1,4,0.24369747899159663,0.0546218487394958,0.0,5.46218487394958,0.0,2.904621848739496,3.1,HIGH,LOW
GURUGRAM(DC CUM NODAL OFFICER MPLADS_5),15,1,4,0,3675688.0,14154000.0,15.226666666666667,57.1,1,3,0.06666666666666667,0.26666666666666666,0.0,26.666666666666668,0.0,15.226666666666667,15.2,HIGH,LOW
GWALIOR(DISTRICT COLLECTOR GWALIOR_IDA),114,6,1,0,18487480.0,80867504.0,0.19473684210526315,22.2,1,2,0.05263157894736842,0.008771929824561403,0.0,0.8771929824561403,0.0,0.19473684210526315,0.4,HIGH,LOW
Gangapurcity(DISTRICT COLLECTOR Gangapur City_IDA),9,8,0,0,7292213.0,8292213.0,0.0,0.0,1,2,0.8888888888888888,0.0,0.0,0.0,0.0,0.0,0.0,MEDIUM,LOW
Gangtok(DISTRICT COLLECTOR EAST DISTRICT_IDA),57,24,0,0,64244574.0,100588000.0,0.0,0.0,1,2,0.42105263157894735,0.0,0.0,0.0,0.0,0.0,0.0,HIGH,LOW
Gaurela-Pendra-Marwahi(Collector GPM_IDA),94,47,0,0,21924377.0,37541299.0,0.0,0.0,1,3,0.5,0.0,0.0,0.0,0.0,0.0,0.0,HIGH,LOW
Gomati(DM OFFICE GOMATI MPLADS),6,0,0,0,0.0,6195256.0,0.0,0.0,1,2,0.0,0.0,0.0,0.0,0.0,0.0,0.0,MEDIUM,LOW
Gyalshing(DISTRICT COLLECTOR GYALSHING_IDA),56,5,0,0,15222567.0,32115000.0,0.0,0.0,1,2,0.08928571428571429,0.0,0.0,0.0,0.0,0.0,0.0,HIGH,LOW
HAILAKANDI(Deputy Commissioner Hailakandi_IDA),8,0,0,0,0.0,11500000.0,0.0,0.0,1,2,0.0,0.0,0.0,0.0,0.0,0.0,0.0,MEDIUM,LOW
HAMIRPUR(DEPUTY COMMISSIONER HAMIRPUR_IDA),283,116,8,0,36952050.0,56035174.0,1.6141342756183745,57.1,2,3,0.4098939929328622,0.028268551236749116,0.0,2.8268551236749118,0.0,1.6141342756183745,1.6,HIGH,LOW
HAMIRPUR(DISTRICT MAGISTRATE HAMIRPUR_2),402,339,5,0,104751215.32,137984093.3,0.7101990049751243,57.1,2,2,0.8432835820895522,0.012437810945273632,0.0,1.2437810945273633,0.0,0.7101990049751243,0.7,HIGH,LOW
HANUMAKONDA(DISTRICT COLLECTOR HANUMAKONDA_IDA),114,23,20,0,17172631.0,46318419.0,10.017543859649123,57.1,2,5,0.20175438596491227,0.17543859649122806,0.0,17.543859649122805,0.0,10.017543859649123,10.0,HIGH,LOW
HANUMANGARH(DISTRICT COLLECTOR HANUMANGARH_IDA),112,22,5,0,22325698.0,62329201.0,2.2375,57.1,1,3,0.19642857142857142,0.044642857142857144,0.0,4.464285714285714,0.0,2.2375,2.5,HIGH,LOW
HAPUR(DISTRICT MAGISTRATE HAPUR_IDA),72,41,0,0,44574058.0,55161503.0,0.0,0.0,1,4,0.5694444444444444,0.0,0.0,0.0,0.0,0.0,0.0,HIGH,LOW
HARDA(District Collector Harda_IDA),184,92,0,0,32011689.0,54630633.0,0.0,0.0,1,2,0.5,0.0,0.0,0.0,0.0,0.0,0.0,HIGH,LOW
HARDOI(DISTRICT MAGISTRATE HARDOI_IDA),56,3,0,0,86740311.0,104204316.0,0.0,0.0,1,3,0.05357142857142857,0.0,0.0,0.0,0.0,0.0,0.0,HIGH,LOW
HARIDWAR(DISTRICT MAGISTRATE HARIDWAR_IDA),259,83,10,0,98218725.0,231869917.0,2.2046332046332044,57.1,1,2,0.3204633204633205,0.03861003861003861,0.0,3.861003861003861,0.0,2.2046332046332044,2.2,HIGH,LOW
HASSAN(DEPUTY COMMISSIONER HASSAN_IDA),211,32,0,0,60212595.0,104830458.0,0.0,0.0,1,4,0.15165876777251186,0.0,0.0,0.0,0.0,0.0,0.0,HIGH,LOW
HATHRAS(DISTRICT MAGISTRATE HATHRAS_IDA),65,36,0,0,50307212.0,89139415.0,0.0,0.0,1,2,0.5538461538461539,0.0,0.0,0.0,0.0,0.0,0.0,HIGH,LOW
HAVERI(DEPUTY COMMISSIONER HAVERI_IDA),143,13,1,0,58137756.0,83434306.0,0.39930069930069934,57.1,1,4,0.09090909090909091,0.006993006993006993,0.0,0.6993006993006993,0.0,0.39930069930069934,0.4,HIGH,LOW
HAZARIBAGH(DEPUTY COMMISSIONER HAZARIBAGH_IDA),143,4,0,0,1897545.0,67850000.0,0.0,0.0,1,2,0.027972027972027972,0.0,0.0,0.0,0.0,0.0,0.0,HIGH,LOW
HINGOLI(DISTRICT COLLECTOR HINGOLI_IDA),29,12,0,0,26910300.0,42908044.0,0.0,0.0,1,2,0.41379310344827586,0.0,0.0,0.0,0.0,0.0,0.0,HIGH,LOW
HISAR(DEPUTY COMMISSIONER HISSAR_IDA),411,56,19,0,66529523.0,139019545.0,2.639659367396594,57.1,1,4,0.1362530413625304,0.046228710462287104,0.0,4.622871046228711,0.0,2.639659367396594,2.6,HIGH,LOW
HOJAI(DC office Hojai),15,0,0,0,0.0,12000000.0,0.0,0.0,1,1,0.0,0.0,0.0,0.0,0.0,0.0,0.0,HIGH,LOW
HOOGHLY(DISTRICT MAGISTRATE HOOGHLY_IDA),392,205,21,0,158076875.0,287984608.44,3.058928571428572,57.1,1,4,0.5229591836734694,0.05357142857142857,0.0,5.357142857142857,0.0,3.058928571428572,3.1,HIGH,LOW
HOSHIARPUR(DEPUTY COMMISSIONER HOSHIARPUR_IDA),401,146,6,0,126357870.0,197207500.0,0.8543640897755611,57.1,1,3,0.3640897755610973,0.014962593516209476,0.0,1.4962593516209477,0.0,0.8543640897755611,0.9,HIGH,LOW
HOWRAH(DISTRICT MAGISTRATE HOWRAH_IDA),418,237,8,0,129804006.0,218022101.0,1.0093301435406699,57.1,1,3,0.5669856459330144,0.019138755980861243,0.0,1.9138755980861244,0.0,1.0093301435406699,1.1,HIGH,LOW
HYDERABAD(DISTRICT COLLECTOR HYDERABAD_IDA),128,31,0,0,54224816.0,197340563.0,0.146875,18.8,2,4,0.2421875,0.0,0.0,0.0,0.0,0.146875,0.0,HIGH,LOW
Hnahthial(Deputy Commissioner Hnahthial_IDA),13,0,0,0,2000000.0,4250000.0,0.0,0.0,1,1,0.0,0.0,0.0,0.0,0.0,0.0,0.0,HIGH,LOW
IDUKKI(DISTRICT COLLECTOR IDUKKI_IDA),158,46,8,0,54571606.0,165818688.0,2.891139240506329,57.1,1,3,0.2911392405063291,0.05063291139240506,0.0,5.063291139240507,0.0,2.891139240506329,2.9,HIGH,LOW
IMPHAL EAST(Deputy Commissioner Imphal East_IDA),10,3,0,0,27117000.0,30092000.0,0.0,0.0,1,2,0.3,0.0,0.0,0.0,0.0,0.0,0.0,HIGH,LOW
IMPHAL WEST(Deputy Commissioner Imphal West MPLADS_IDA),29,15,0,0,44986090.0,57269644.0,0.0,0.0,1,2,0.5172413793103449,0.0,0.0,0.0,0.0,0.0,0.0,HIGH,LOW
INDORE(DISTRICT COLLECTOR INDORE_IDA),435,232,18,0,134952352.12,203238557.0,2.405977011494253,57.1,1,4,0.5333333333333333,0.041379310344827586,0.0,4.137931034482759,0.0,2.405977011494253,2.4,HIGH,LOW
JABALPUR(DISTRICT COLLECTOR JABALPUR_IDA),641,103,11,0,134964216.0,234439751.0,0.9798751950078003,57.1,1,2,0.1606864274570983,0.0171606864274571,0.0,1.71606864274571,0.0,0.9798751950078003,1.0,HIGH,LOW
JAGATSINGHAPUR(DISTRICT COLLECTOR JAGATSINGHPUR_IDA),211,5,1,0,8411827.0,84412527.0,0.27061611374407585,57.1,1,2,0.023696682464454975,0.004739336492890996,0.0,0.47393364928909953,0.0,0.27061611374407585,0.3,HIGH,LOW
JAIPUR(DISTRICT COLLECTOR JAIPUR_IDA),198,31,7,0,42025515.0,207309465.0,2.1136363636363638,57.1,2,11,0.15656565656565657,0.03535353535353535,0.0,3.535353535353535,0.0,2.1136363636363638,2.0,HIGH,LOW
JAISALMER(DISTRICT COLLECTOR JAISLAMER_IDA),109,43,8,0,59266784.0,104556801.0,4.190825688073395,57.1,1,4,0.3944954128440367,0.07339449541284404,0.0,7.339449541284404,0.0,4.190825688073395,4.2,HIGH,LOW
JALANDHAR(DEPUTY COMMISSIONER JALANDHAR_IDA),435,185,38,0,126928778.52,229911173.52,4.87080459770115,57.1,2,4,0.42528735632183906,0.08735632183908046,0.0,8.735632183908045,0.0,4.87080459770115,5.0,HIGH,LOW
JALAUN(DISTRICT MAGISTRATE JALAUN_IDA),361,0,2,0,51978109.0,129252014.0,0.31634349030470915,57.1,1,2,0.0,0.00554016620498615,0.0,0.554016620498615,0.0,0.31634349030470915,0.3,HIGH,LOW
JALGAON(DISTRICT COLLECTOR JALGAON_IDA),22,12,1,0,19902650.0,36075930.0,2.5954545454545457,57.1,2,3,0.5454545454545454,0.045454545454545456,0.0,4.545454545454546,0.0,2.5954545454545457,2.6,HIGH,LOW
JALNA(DISTRICT COLLECTOR JALNA_IDA),71,0,7,0,41616471.0,69891000.0,5.629577464788732,57.1,1,3,0.0,0.09859154929577464,0.0,9.859154929577464,0.0,5.629577464788732,5.6,HIGH,LOW
JALORE(DISTRICT COLLECTOR JALORE_IDA),85,23,2,0,39024377.0,58007737.0,1.3435294117647059,57.1,1,2,0.27058823529411763,0.023529411764705882,0.0,2.3529411764705883,0.0,1.3435294117647059,1.3,HIGH,LOW
JALPAIGURI(DISTRICT MAGISTRATE JALPAIGURI_IDA),24,2,3,0,12082736.0,45741092.0,7.1375,57.1,1,3,0.08333333333333333,0.125,0.0,12.5,0.0,7.1375,7.1,HIGH,LOW
JAMMU(DEPUTY COMMISSIONER JAMMU_IDA),179,43,14,0,31438383.0,104667539.0,4.465921787709497,57.1,1,3,0.24022346368715083,0.0782122905027933,0.0,7.82122905027933,0.0,4.465921787709497,4.5,HIGH,LOW
JAMNAGAR(DISTRICT COLLECTOR JAMNAGAR_IDA),119,31,8,0,17587503.0,56086066.0,3.838655462184874,57.1,1,2,0.2605042016806723,0.06722689075630252,0.0,6.722689075630252,0.0,3.838655462184874,3.8,HIGH,LOW
JAMTARA(Deputy Commissioner Jamtara_IDA),203,77,0,0,28689800.0,56500000.0,0.0,0.0,1,2,0.3793103448275862,0.0,0.0,0.0,0.0,0.0,0.0,HIGH,LOW
JAMUI(DISTRICT PLANNING OFFICER JAMUI_IDA),238,174,0,0,91011740.0,104562939.0,0.0,0.0,1,2,0.7310924369747899,0.0,0.0,0.0,0.0,0.0,0.0,HIGH,LOW
JANGOAN(DISTRICT COLLECTOR JANGAON_IDA),191,100,1,0,15678048.0,50964005.0,0.29895287958115185,57.1,1,4,0.5235602094240838,0.005235602094240838,0.0,0.5235602094240838,0.0,0.29895287958115185,0.3,HIGH,LOW
JANJGIR-CHAMPA(DISTRICT COLLECTOR JANJGIR CHAMPA_IDA),106,78,0,0,56822134.0,70158067.0,0.0,0.0,1,2,0.7358490566037735,0.0,0.0,0.0,0.0,0.0,0.0,HIGH,LOW
JASHPUR(DISTRICT COLLECTOR JASHPUR_IDA),74,62,0,0,65426426.0,69405404.0,0.25405405405405407,18.8,1,3,0.8378378378378378,0.0,0.0,0.0,0.0,0.25405405405405407,0.1,HIGH,LOW
JAUNPUR(DISTRICT MAGISTRATE JAUNPUR_IDA),2245,1226,5,0,263026615.0,409342387.0,0.1271714922048998,57.1,1,3,0.5461024498886414,0.0022271714922048997,0.0,0.22271714922048996,0.0,0.1271714922048998,0.1,HIGH,LOW
JAYASHANKAR BHUPALAPALLY(DISTRICT COLLECTOR JAYASHANKAR BHUPALPALLY_IDA),25,9,0,0,2997836.0,8231155.0,0.0,0.0,1,2,0.36,0.0,0.0,0.0,0.0,0.0,0.0,HIGH,LOW
JEHANABAD(DISTRICT PLANNING OFFICER JEHANABAD_IDA),157,21,1,0,48080868.0,91297432.0,0.3636942675159236,57.1,1,2,0.1337579617834395,0.006369426751592357,0.0,0.6369426751592357,0.0,0.3636942675159236,0.4,HIGH,LOW
JHABUA(DISTRICT COLLECTOR JHABUA_IDA),72,44,0,0,18353205.0,24285413.0,0.0,0.0,1,2,0.6111111111111112,0.0,0.0,0.0,0.0,0.0,0.0,HIGH,LOW
JHAJJAR(DEPUTY COMMISSIONER cum NODAL OFFICER MPLADS JHAJJAR),88,28,10,0,25974895.0,58918881.0,6.488636363636363,57.1,1,1,0.3181818181818182,0.11363636363636363,0.0,11.363636363636363,0.0,6.488636363636363,6.5,HIGH,LOW
JHALAWAR(DISTRICT COLLECTOR JHALAWAR_IDA),183,0,0,0,1974512.0,67476933.0,0.0,0.0,1,1,0.0,0.0,0.0,0.0,0.0,0.0,0.0,HIGH,LOW
JHANSI(DISTRICT MAGISTRAE JHANSI_IDA),122,59,3,0,41109640.0,59743089.0,1.4040983606557378,57.1,1,3,0.48360655737704916,0.02459016393442623,0.0,2.459016393442623,0.0,1.4040983606557378,1.4,HIGH,LOW
JHARSUGUDA(DISTRICT COLLECTORJHARSUGUDA_IDA),33,0,0,0,2500000.0,15800000.0,0.0,0.0,1,1,0.0,0.0,0.0,0.0,0.0,0.0,0.0,HIGH,LOW
JHUNJHUNU(DISTRICT COLLECTOR JHUNJHUNU_IDA),178,97,10,0,60384595.0,98718883.0,3.011797752808989,57.1,2,3,0.5449438202247191,0.056179775280898875,0.0,5.617977528089887,0.0,3.011797752808989,3.2,HIGH,LOW
JIND(DEPUTY COMMISSIONER JIND),202,23,8,0,31067178.0,100770955.0,2.2613861386138616,57.1,1,4,0.11386138613861387,0.039603960396039604,0.0,3.9603960396039604,0.0,2.2613861386138616,2.3,HIGH,LOW
JIRIBAM(Deputy Commissioner Jiribam MPLADS_ida),1,0,0,0,0.0,1500000.0,0.0,0.0,1,1,0.0,0.0,0.0,0.0,0.0,0.0,0.0,LOW,LOW
JODHPUR(DISTRICT COLLECTOR JODHPUR IDA),40,10,2,0,10407052.01,52466912.0,3.325,57.1,2,5,0.25,0.05,0.0,5.0,0.0,3.325,3.0,HIGH,LOW
JOGULAMBA GADWAL(DISTRICT COLLECTOR JOGULAMBA GADWAL_IDA),59,37,1,0,11939017.0,28165000.0,0.9677966101694916,57.1,1,3,0.6271186440677966,0.01694915254237288,0.0,1.694915254237288,0.0,0.9677966101694916,1.0,HIGH,LOW
JORHAT(DEPUTY COMMISSIONER JORHAT_IDA),257,16,3,0,28976034.0,83850000.0,0.5307392996108949,57.1,1,2,0.0622568093385214,0.011673151750972763,0.0,1.1673151750972763,0.0,0.5307392996108949,0.6,HIGH,LOW
JUNAGADH(DISTRICT COLLECTOR JUNAGADH_IDA),194,78,9,0,34057323.0,80330985.0,2.6489690721649484,57.1,1,3,0.4020618556701031,0.04639175257731959,0.0,4.639175257731959,0.0,2.6489690721649484,2.7,HIGH,LOW
Jagitial(DISTRICT COLLECTOR JAGTIAL_IDA),453,208,23,0,93448457.0,184550643.0,2.899116997792494,57.1,1,4,0.45916114790286977,0.05077262693156733,0.0,5.077262693156733,0.0,2.899116997792494,2.9,HIGH,LOW
Jaipur Gramin(DISTRICT COLLECTOR Jaipur Gramin_IDA),11,6,2,0,5789647.0,9647470.0,10.381818181818183,57.1,1,4,0.5454545454545454,0.18181818181818182,0.0,18.181818181818183,0.0,10.381818181818183,10.4,HIGH,LOW
Jajpur(DISTRICT COLLECTOR JAJPUR_IDA),290,3,31,0,27963469.0,162239853.0,5.7427586206896555,57.1,1,3,0.010344827586206896,0.10689655172413794,0.0,10.689655172413794,0.0,5.7427586206896555,6.0,HIGH,LOW
Jhargram(DISTRICT MAGISTRATE JHARGRAM_IDA),46,32,0,0,55508747.0,84123901.0,0.0,0.0,1,2,0.6956521739130435,0.0,0.0,0.0,0.0,0.0,0.0,HIGH,LOW
Jodhpur Gramin(DISTRICT COLLECTOR JODHPUR RURAL_IDA),13,8,0,0,7092903.0,9494512.0,0.0,0.0,1,2,0.6153846153846154,0.0,0.0,0.0,0.0,0.0,0.0,HIGH,LOW
KACHCHH(DISTRICT COLLECTOR KUTCH_IDA),343,86,24,0,46802608.0,140842055.0,3.9953352769679302,57.1,1,2,0.25072886297376096,0.06997084548104957,0.0,6.997084548104956,0.0,3.9953352769679302,4.0,HIGH,LOW
KAIMUR (BHABUA)(DISTRICT PLANNING OFFICER KAIMUR BHABUA_IDA),251,122,2,0,136629953.0,182472919.0,0.4549800796812749,57.1,1,3,0.4860557768924303,0.00796812749003984,0.0,0.796812749003984,0.0,0.4549800796812749,0.5,HIGH,LOW
KAITHAL(DC CUM NODAL OFFICERS MPLADS),157,45,7,0,18430205.0,29728367.0,3.0248407643312105,57.1,5,6,0.28662420382165604,0.044585987261146494,0.0,4.45859872611465,0.0,3.0248407643312105,2.7,HIGH,LOW
KAKCHING(Deputy Commissioner Kakching_ida),2,1,0,0,2000000.0,2000000.0,0.0,0.0,1,2,0.5,0.0,0.0,0.0,0.0,0.0,0.0,LOW,LOW
KALABURAGI(DEPUTY COMMISSIONER GULBARGA_IDA),59,1,0,0,23054243.0,138081000.0,0.0,0.0,1,3,0.01694915254237288,0.0,0.0,0.0,0.0,0.0,0.0,HIGH,LOW
KALAHANDI(DISTRICT COLLECTOR KALAHANDI_IDA),289,88,27,0,47496291.0,106775000.0,5.334602076124567,57.1,1,2,0.3044982698961938,0.09342560553633218,0.0,9.342560553633218,0.0,5.334602076124567,5.3,HIGH,LOW
KALIMPONG(District Magistrate Kalimpong_IDA),36,22,1,0,13921653.0,19287898.0,1.5861111111111112,57.1,1,1,0.6111111111111112,0.027777777777777776,0.0,2.7777777777777777,0.0,1.5861111111111112,1.6,HIGH,LOW
KALLAKURICHI(District Collector Kallakurichi_IDA),344,168,0,0,112030175.0,166090175.0,0.0,0.0,1,3,0.4883720930232558,0.0,0.0,0.0,0.0,0.0,0.0,HIGH,LOW
KAMAREDDY(District Collector Kamareddy_IDA),82,34,0,0,10935672.0,30134190.0,0.0,0.0,1,1,0.4146341463414634,0.0,0.0,0.0,0.0,0.0,0.0,HIGH,LOW
KAMJONG(Deputy Commissioner Kamjong MPLADS_ida),6,0,0,0,16200000.0,24200000.0,0.0,0.0,1,1,0.0,0.0,0.0,0.0,0.0,0.0,0.0,MEDIUM,LOW
KAMLE(Deputy Commisioner Kamle_IDA),11,11,0,0,5000000.0,5000000.0,0.0,0.0,1,1,1.0,0.0,0.0,0.0,0.0,0.0,0.0,HIGH,LOW
KAMRUP METRO(DEPUTY COMMISSIONER KAMRUP METROPOLITAN_IDA),118,0,0,0,66954607.0,141669919.1,0.0,0.0,1,2,0.0,0.0,0.0,0.0,0.0,0.0,0.0,HIGH,LOW
KAMRUP(DEPUTY COMMISSIONER KAMRUP_IDA),71,1,0,0,6910795.0,32733000.0,0.26478873239436623,18.8,1,4,0.014084507042253521,0.0,0.0,0.0,0.0,0.26478873239436623,0.1,HIGH,LOW
KANGPOKPI(Deputy Commissioner Kangpokpi MPLADS_ida),1,0,0,0,1500000.0,2500000.0,0.0,0.0,1,1,0.0,0.0,0.0,0.0,0.0,0.0,0.0,LOW,LOW
KANGRA(DEPUTY COMMISSIONER KANGRA_IDA),649,209,11,0,91585344.0,185191062.0,0.9677966101694916,57.1,1,3,0.3220338983050847,0.01694915254237288,0.0,1.694915254237288,0.0,0.9677966101694916,1.0,HIGH,LOW
KANNAUJ(DISTRICT MAGISTRATE KANNAUJ_IDA),102,33,0,0,13459508.0,83193690.0,0.0,0.0,1,1,0.3235294117647059,0.0,0.0,0.0,0.0,0.0,0.0,HIGH,LOW
KANNIYAKUMARI(DISTRICT COLLECTOR KANNIYAKUMARI_IDA),102,39,7,0,57305751.0,118484223.0,3.918627450980392,57.1,1,2,0.38235294117647056,0.06862745098039216,0.0,6.862745098039216,0.0,3.918627450980392,3.9,HIGH,LOW
KANNUR(DISTRICT COLLECTOR KANNUR_IDA),724,142,0,0,147277227.0,587670317.0,0.0,0.0,2,6,0.19613259668508287,0.0,0.0,0.0,0.0,0.0,0.0,HIGH,LOW
KANPUR DEHAT(DISTRICT MAGISTRATE KANPUR DEHAT_IDA),195,25,0,0,19708750.8,63758192.8,0.0,0.0,1,4,0.1282051282051282,0.0,0.0,0.0,0.0,0.0,0.0,HIGH,LOW
KANPUR NAGAR(DISTRICT MAGISTRAE KANPUR NAGAR_IDA),304,113,2,0,175551174.0,262850724.0,0.37565789473684214,57.1,1,4,0.3717105263157895,0.006578947368421052,0.0,0.6578947368421052,0.0,0.37565789473684214,0.4,HIGH,LOW
KAPURTHALA(DEPUTY COMMISSIONER KAPURTHALA_IDA),158,60,1,0,59961786.41,93628983.0,0.3613924050632911,57.1,1,3,0.379746835443038,0.006329113924050633,0.0,0.6329113924050633,0.0,0.3613924050632911,0.4,HIGH,LOW
KARAULI(DISTRICT COLLECTOR KARAULI_IDA),52,13,0,0,9253205.0,36354030.0,0.0,0.0,1,3,0.25,0.0,0.0,0.0,0.0,0.0,0.0,HIGH,LOW
KARBI ANGLONG(DEPUTY COMMISSIONER KARBI ANGLONG_IDA),71,39,0,0,60091415.0,74082540.0,0.0,0.0,1,1,0.5492957746478874,0.0,0.0,0.0,0.0,0.0,0.0,HIGH,LOW
KARGIL(Deputy CommissionerKargil),36,0,0,0,6009392.0,40418000.0,0.0,0.0,1,1,0.0,0.0,0.0,0.0,0.0,0.0,0.0,HIGH,LOW
KARIMNAGAR(DISTRICT COLLECTOR KARIMNAGAR_IDA),325,66,17,0,46010804.0,111574550.0,2.986769230769231,57.1,1,2,0.20307692307692307,0.052307692307692305,0.0,5.230769230769231,0.0,2.986769230769231,3.0,HIGH,LOW
KARNAL(DEPUTY COMMISSIONER KARNAL),2,0,0,0,258217.0,1000000.0,0.0,0.0,2,1,0.0,0.0,0.0,0.0,0.0,0.0,0.0,LOW,LOW
KARUR(DISTRICT COLLECTOR KARUR_IDA),103,58,1,0,36801411.0,87763043.0,0.554368932038835,57.1,1,3,0.5631067961165048,0.009708737864077669,0.0,0.9708737864077669,0.0,0.554368932038835,0.6,HIGH,LOW
KASARAGOD(DISTRICT COLLECTOR KASARAGOD_IDA),159,51,2,0,23190157.0,62507275.0,0.7182389937106919,57.1,1,2,0.32075471698113206,0.012578616352201259,0.0,1.257861635220126,0.0,0.7182389937106919,0.7,HIGH,LOW
KATHUA(DISTRICT DEVELOPMENT COMMISSIONER KATHUA_IDA),172,131,3,0,24756101.0,44236150.0,0.9959302325581396,57.1,1,3,0.7616279069767442,0.01744186046511628,0.0,1.744186046511628,0.0,0.9959302325581396,1.0,HIGH,LOW
KATIHAR(DISTRICT PLANNING OFFICER KATIHAR_IDA),113,60,0,0,91461460.0,100142660.0,0.0,0.0,1,2,0.5309734513274337,0.0,0.0,0.0,0.0,0.0,0.0,HIGH,LOW
KATNI(District Collector Katni_IDA),55,7,2,0,7878143.0,52909995.0,2.0763636363636366,57.1,1,3,0.12727272727272726,0.03636363636363636,0.0,3.6363636363636362,0.0,2.0763636363636366,2.1,HIGH,LOW
KAUSHAMBI(DISTRICT MAGISTRAE KAUSHAMBI_IDA),566,526,0,0,46111944.0,49615090.0,0.0,0.0,1,2,0.9293286219081273,0.0,0.0,0.0,0.0,0.0,0.0,HIGH,LOW
KHAGARIA(DISTRICT PLANNING OFFICER KHAGARIA_IDA),81,51,1,0,53230677.0,81846999.0,0.7049382716049383,57.1,1,2,0.6296296296296297,0.012345679012345678,0.0,1.2345679012345678,0.0,0.7049382716049383,0.7,HIGH,LOW
KHAMMAM(DISTRICT COLLECTOR KHAMMAM_IDA),249,40,0,0,27866329.0,127255219.0,0.0,0.0,1,2,0.1606425702811245,0.0,0.0,0.0,0.0,0.0,0.0,HIGH,LOW
"KHAWZAWL(Office of the Deputy Commissioner, Khawzawl)",8,1,0,0,3300000.0,4400000.0,0.0,0.0,1,1,0.125,0.0,0.0,0.0,0.0,0.0,0.0,MEDIUM,LOW
KHEDA(DISTRICT COLLECTOR KHEDA_IDA),568,273,19,0,61074355.0,125701437.0,2.042429577464789,57.1,1,4,0.48063380281690143,0.03345070422535211,0.0,3.345070422535211,0.0,2.042429577464789,2.0,HIGH,LOW
KHERI(DISTRICT MAGISTRAE KHERI_IDA),561,431,0,0,130298682.0,178629882.0,0.0,0.0,1,3,0.768270944741533,0.0,0.0,0.0,0.0,0.0,0.0,HIGH,LOW
KHORDHA(DISTRICT COLLECTOR KHORDHA_IDA),438,76,93,0,54459968.0,248349019.0,12.044292237442924,57.1,1,3,0.1735159817351598,0.21232876712328766,0.0,21.232876712328768,0.0,12.044292237442924,12.1,HIGH,LOW
KHUNTI(DEPUTY COMMISSIONER KHUNTI_IDA),124,7,0,0,40768520.0,71201900.0,0.0,0.0,1,2,0.056451612903225805,0.0,0.0,0.0,0.0,0.0,0.0,HIGH,LOW
KINNAUR(DEPUTY COMMISSIONER KINNAUR_IDA),15,1,0,0,4247415.0,11149353.0,0.0,0.0,1,2,0.06666666666666667,0.0,0.0,0.0,0.0,0.0,0.0,HIGH,LOW
KIPHIRE(Deputy Commissioner Kiphire_IDA),1,1,0,0,2500000.0,2500000.0,0.0,0.0,1,1,1.0,0.0,0.0,0.0,0.0,0.0,0.0,LOW,LOW
KISHANGANJ(DISTRICT PLANNING OFFICER KISHANGANJ_IDA),138,94,3,0,61015400.0,90685700.0,1.241304347826087,57.1,1,1,0.6811594202898551,0.021739130434782608,0.0,2.1739130434782608,0.0,1.241304347826087,1.2,HIGH,LOW
KISHTWAR(Deputy Commissioner Kishtwar_IDA),26,0,0,0,164000.0,27442000.0,0.0,0.0,1,2,0.0,0.0,0.0,0.0,0.0,0.0,0.0,HIGH,LOW
KODAGU(Deputy Commsioner Kodagu_ida),60,0,0,0,48562000.0,75000000.0,0.0,0.0,1,2,0.0,0.0,0.0,0.0,0.0,0.0,0.0,HIGH,LOW
KODERMA(DEPUTY COMMISSIONER KODARMA_IDA),132,50,0,0,18356889.0,42262107.0,0.0,0.0,1,2,0.3787878787878788,0.0,0.0,0.0,0.0,0.0,0.0,HIGH,LOW
KOHIMA(DEPUTY COMMISIONER_7),12,8,0,0,25700000.0,29600000.0,0.0,0.0,1,2,0.6666666666666666,0.0,0.0,0.0,0.0,0.0,0.0,HIGH,LOW
KOKRAJHAR(DEPUTY COMMISSIONER KOKRAJHAR_IDA),68,30,3,0,37236429.0,79344635.0,2.519117647058824,57.1,1,2,0.4411764705882353,0.04411764705882353,0.0,4.411764705882353,0.0,2.519117647058824,2.5,HIGH,LOW
KOLAR(DEPUTY COMMISSIONER KOLAR_IDA),60,2,1,0,30441084.0,36602000.0,0.9516666666666667,57.1,1,3,0.03333333333333333,0.016666666666666666,0.0,1.6666666666666667,0.0,0.9516666666666667,1.0,HIGH,LOW
KOLASIB(Deputy Commissioner Kolasib),24,13,0,0,9500000.0,12250000.0,0.0,0.0,1,1,0.5416666666666666,0.0,0.0,0.0,0.0,0.0,0.0,HIGH,LOW
KOLHAPUR(DISTRICT COLLECTOR KOLHAPUR_IDA),223,34,0,0,60436453.0,185302155.0,0.0,0.0,2,4,0.15246636771300448,0.0,0.0,0.0,0.0,0.0,0.0,HIGH,LOW
KOLKATA(COMMISSIONER KOLKATA MUNICIPAL CORPORATION_IDA),191,51,21,0,422968646.0,550095861.0,6.2780104712041895,57.1,1,6,0.2670157068062827,0.1099476439790576,0.0,10.99476439790576,0.0,6.2780104712041895,6.3,HIGH,LOW
KOLLAM(DISTRICT COLLECTOR KOLLAM_IDA),351,100,29,0,102302177.0,240800689.34,4.618233618233618,57.1,1,5,0.2849002849002849,0.08262108262108261,0.0,8.262108262108262,0.0,4.618233618233618,4.7,HIGH,LOW
KONDAGAON(DISTRICT COLLECTOR KONDAGAON_IDA),37,6,0,0,14879193.0,29532762.0,0.0,0.0,1,3,0.16216216216216217,0.0,0.0,0.0,0.0,0.0,0.0,HIGH,LOW
KOPPAL(DEPUTY COMMISSIONER KOPPAL_IDA),182,69,2,0,67091795.0,105160099.0,0.6274725274725275,57.1,1,3,0.3791208791208791,0.01098901098901099,0.0,1.098901098901099,0.0,0.6274725274725275,0.6,HIGH,LOW
KORAPUT(District Collector Koraput_IDA),308,93,23,0,43596379.0,102007405.0,4.263961038961039,57.1,1,2,0.30194805194805197,0.07467532467532467,0.0,7.467532467532467,0.0,4.263961038961039,4.3,HIGH,LOW
KORBA(Collector-Korba),181,79,0,0,46729895.0,65438138.0,0.0,0.0,1,2,0.43646408839779005,0.0,0.0,0.0,0.0,0.0,0.0,HIGH,LOW
KOREA(Collector Korea_IDA),28,4,0,0,3858885.0,16261398.0,0.0,0.0,1,1,0.14285714285714285,0.0,0.0,0.0,0.0,0.0,0.0,HIGH,LOW
KOTA(DISTRICT COLLECTOR KOTA_IDA),42,13,0,0,28116621.0,37955952.0,0.0,0.0,1,2,0.30952380952380953,0.0,0.0,0.0,0.0,0.0,0.0,HIGH,LOW
KOTTAYAM(DISTRICT COLLECTOR KOTTAYAM_IDA),617,111,30,0,93761823.0,346036272.0,2.7763371150729337,57.1,1,5,0.17990275526742303,0.04862236628849271,0.0,4.862236628849271,0.0,2.7763371150729337,2.8,HIGH,LOW
KOZHIKODE(DISTRICT COLLECTOR KOZHIKODE_IDA),603,63,12,0,54470111.0,314255281.0,1.1363184079601991,57.1,1,5,0.1044776119402985,0.01990049751243781,0.0,1.9900497512437811,0.0,1.1363184079601991,1.1,HIGH,LOW
KRA DAADI(DC KRADAADI_IDA),3,3,0,0,3000000.0,3000000.0,0.0,0.0,1,1,1.0,0.0,0.0,0.0,0.0,0.0,0.0,LOW,LOW
KRISHNA(DISTRICT COLLECTOR KRISHNA_IDA),64,12,6,0,20482113.0,49276831.0,5.353125,57.1,1,3,0.1875,0.09375,0.0,9.375,0.0,5.353125,5.4,HIGH,LOW
KRISHNAGIRI(DISTRICT COLLECTOR KRISHNAGIRI_IDA),104,36,12,0,47687111.0,92038009.0,6.588461538461539,57.1,1,2,0.34615384615384615,0.11538461538461539,0.0,11.538461538461538,0.0,6.588461538461539,6.6,HIGH,LOW
KULGAM(Deputy Commissioner Kulgam_IDA),4,0,0,0,1925000.0,9700000.0,0.0,0.0,1,1,0.0,0.0,0.0,0.0,0.0,0.0,0.0,LOW,LOW
KULLU(DEPUTY COMMISSIONER KULLU_IDA),29,5,0,0,8117224.0,17043740.0,0.0,0.0,1,2,0.1724137931034483,0.0,0.0,0.0,0.0,0.0,0.0,HIGH,LOW
KUMURAM BHEEM ASIFABAD(District Collector KB Asifabad_IDA),66,32,0,0,8514612.0,17350000.0,0.0,0.0,1,1,0.48484848484848486,0.0,0.0,0.0,0.0,0.0,0.0,HIGH,LOW
KUPWARA(Deputy Commissioner Kupwara_IDA),51,19,1,0,17653235.0,29430474.0,1.119607843137255,57.1,2,2,0.37254901960784315,0.0196078431372549,0.0,1.9607843137254901,0.0,1.119607843137255,1.1,HIGH,LOW
KURNOOL(DISTRICT COLLECTOR KURNOOL_IDA),231,149,1,0,45531277.0,109846075.0,0.7354978354978355,57.1,1,4,0.645021645021645,0.004329004329004329,0.0,0.4329004329004329,0.0,0.7354978354978355,0.4,HIGH,LOW
KURUKSHETRA(DEPUTY COMMISSIONER KURUKSHETRA_IDA),106,71,0,0,35633846.0,45050285.0,0.0,0.0,1,1,0.6698113207547169,0.0,0.0,0.0,0.0,0.0,0.0,HIGH,LOW
KURUNG KUMEY(Deputy Commissioner Kurung Kumey_IDA),4,0,0,0,0.0,5200000.0,0.0,0.0,1,1,0.0,0.0,0.0,0.0,0.0,0.0,0.0,LOW,LOW
Kabeerdham(DISTRICT COLLECTOR KABIRDHAM),82,25,0,0,29706762.0,40661543.0,0.0,0.0,1,2,0.3048780487804878,0.0,0.0,0.0,0.0,0.0,0.0,HIGH,LOW
Kakinada(DISTRICT COLLECTOR KAKINADA_IDA),39,9,9,0,19865657.0,45954964.0,13.65897435897436,57.1,1,6,0.23076923076923078,0.23076923076923078,0.0,23.076923076923077,0.0,13.65897435897436,13.3,HIGH,LOW
Kancheepuram(DISTRICT COLLECTOR KANCHEEPURAM_IDA),303,148,1,0,115388293.0,160168169.0,0.18844884488448846,57.1,2,4,0.4884488448844885,0.0033003300330033004,0.0,0.33003300330033003,0.0,0.18844884488448846,0.2,HIGH,LOW
Kandhamala(DISTRICT COLLECTOR KANDHAMAL_IDA),161,85,9,0,37431654.0,62319597.0,3.191925465838509,57.1,1,2,0.5279503105590062,0.055900621118012424,0.0,5.590062111801243,0.0,3.191925465838509,3.2,HIGH,LOW
Kasganj(DISTRICT MAGISTRATE KASGANJ KANSHIRAMNAGAR_IDA),215,115,0,0,53548054.0,64873023.0,0.0,0.0,1,2,0.5348837209302325,0.0,0.0,0.0,0.0,0.0,0.0,HIGH,LOW
Kataka(DISTRICT COLLECTOR CUTTACK_IDA),557,88,52,0,49984665.0,213834158.0,5.330700179533214,57.1,1,4,0.15798922800718132,0.0933572710951526,0.0,9.33572710951526,0.0,5.330700179533214,5.3,HIGH,LOW
Kekri(DISTRICT COLLECTOR Kekri_IDA),20,10,2,0,6404450.0,10881309.0,5.71,57.1,1,1,0.5,0.1,0.0,10.0,0.0,5.71,5.7,HIGH,LOW
Kendrapada(DISTRICT COLLECTOR KENDRAPARA_IDA),120,54,9,0,39022867.0,117870000.0,3.9916666666666667,57.1,1,2,0.45,0.075,0.0,7.5,0.0,3.9916666666666667,4.2,HIGH,LOW
Kendujhar(DISTRICT COLLECTOR KEONJHAR_IDA),294,15,7,0,23611360.0,119235000.0,1.3595238095238096,57.1,1,1,0.05102040816326531,0.023809523809523808,0.0,2.380952380952381,0.0,1.3595238095238096,1.4,HIGH,LOW
Khairagarh-Chhuikhadan-Gandai(District Collector Khairagarh_IDA),5,1,0,0,3999175.0,4999375.0,0.0,0.0,1,1,0.2,0.0,0.0,0.0,0.0,0.0,0.0,MEDIUM,LOW
Khairthal-Tijara(DISTRICT COLLECTOR KHAIRTHAL TIJARA_IDA),25,6,0,0,9256797.0,34712401.0,0.0,0.0,1,2,0.24,0.0,0.0,0.0,0.0,0.0,0.0,HIGH,LOW
Khandwa (East Nimar)(DISTRICT COLLECTOR EAST NIMAR_IDA),155,117,1,0,45844345.0,52853868.0,0.36838709677419357,57.1,1,2,0.7548387096774194,0.0064516129032258064,0.0,0.6451612903225806,0.0,0.36838709677419357,0.4,HIGH,LOW
Khargone (West Nimar)(DISTRICT COLLECTOR KHARGONE_IDA),211,47,0,0,65755643.0,85190921.0,0.0,0.0,1,3,0.22274881516587677,0.0,0.0,0.0,0.0,0.0,0.0,HIGH,LOW
Khowai(DISTRICT MAGISTRATE and COLLECTOR KHOWAI_IDA),19,13,0,0,22995000.0,23000000.0,0.0,0.0,1,1,0.6842105263157895,0.0,0.0,0.0,0.0,0.0,0.0,HIGH,LOW
Kotputli-Behror(DISTRICT COLLECTOR Kotputli Behror_IDA),53,8,3,0,23709635.0,52655978.0,2.5735849056603777,57.1,1,4,0.1509433962264151,0.05660377358490566,0.0,5.660377358490567,0.0,2.5735849056603777,3.0,HIGH,LOW
Kushinagar(DISTRICT MAGISTRATE KUSHINAGAR PADRAUNA_IDA),418,241,2,0,236151623.0,319381100.0,0.2732057416267943,57.1,2,3,0.5765550239234449,0.004784688995215311,0.0,0.4784688995215311,0.0,0.2732057416267943,0.3,HIGH,LOW
LAKHIMPUR(DEPUTY COMMISSIONER LAKHIMPUR_IDA),56,6,0,0,20979183.0,32649970.0,0.0,0.0,1,4,0.10714285714285714,0.0,0.0,0.0,0.0,0.0,0.0,HIGH,LOW
LAKHISARAI(District Planning Officer Lakhisarai_IDA),3,1,0,0,396136.0,1925336.0,0.0,0.0,1,2,0.3333333333333333,0.0,0.0,0.0,0.0,0.0,0.0,LOW,LOW
LAKSHADWEEP DISTRICT(COLLECTOR CUM DEV COMMISSIONER LAKSHADWEEP_IDA),28,2,3,0,39337535.0,92492350.0,6.117857142857143,57.1,1,1,0.07142857142857142,0.10714285714285714,0.0,10.714285714285714,0.0,6.117857142857143,6.1,HIGH,LOW
LALITPUR(DISTRICT MAGISTRATE LALITPUR_IDA),74,43,0,0,30716044.0,41947084.0,0.0,0.0,1,1,0.581081081081081,0.0,0.0,0.0,0.0,0.0,0.0,HIGH,LOW
LATEHAR(Deputy Commissioner latehar_IDA),87,22,0,0,8168385.0,21889730.0,0.0,0.0,1,1,0.25287356321839083,0.0,0.0,0.0,0.0,0.0,0.0,HIGH,LOW
LATUR(DISTRICT COLLECTOR LATUR_IDA),124,25,0,0,31668182.0,100008851.0,0.0,0.0,1,3,0.20161290322580644,0.0,0.0,0.0,0.0,0.0,0.0,HIGH,LOW
LAWNGTLAI(DSC Lawngtlai),7,0,0,0,1500000.0,2500000.0,0.0,0.0,1,1,0.0,0.0,0.0,0.0,0.0,0.0,0.0,MEDIUM,LOW
LEH LADAKH(DEPUTY COMMISSIONER LEH_IDA),20,1,0,0,700000.0,15100000.0,0.0,0.0,2,2,0.05,0.0,0.0,0.0,0.0,0.0,0.0,HIGH,LOW
LEPARADA(Deputy Commisioner Leparada_IDA),10,10,0,0,3950000.0,3950000.0,0.0,0.0,1,1,1.0,0.0,0.0,0.0,0.0,0.0,0.0,HIGH,LOW
LOHARDAGA(DEPUTY COMMISSIONER LOHARDAGA_IDA),121,30,0,0,37450298.0,56213972.0,0.0,0.0,1,2,0.24793388429752067,0.0,0.0,0.0,0.0,0.0,0.0,HIGH,LOW
LOHIT(DEPUTY COMMISSIONER LOHIT_IDA),7,4,0,0,6070376.0,6799867.0,0.0,0.0,1,1,0.5714285714285714,0.0,0.0,0.0,0.0,0.0,0.0,MEDIUM,LOW
LONGDING(Deputy Commisioner Longding_IDA),13,9,0,0,6500000.0,8500000.0,0.0,0.0,1,1,0.6923076923076923,0.0,0.0,0.0,0.0,0.0,0.0,HIGH,LOW
LONGLENG(Deputy Commissioner Longleng_IDA),1,1,0,0,1000000.0,1000000.0,0.0,0.0,1,1,1.0,0.0,0.0,0.0,0.0,0.0,0.0,LOW,LOW
LOWER DIBANG VALLEY(Deputy Commisioner Lower Dibang Valley_IDA),20,18,0,0,17700000.0,19200000.0,0.0,0.0,1,1,0.9,0.0,0.0,0.0,0.0,0.0,0.0,HIGH,LOW
LOWER SIANG(Deputy Commisioner Lower Siang_IDA),14,10,0,0,4066000.0,4066000.0,2.685714285714286,18.8,1,2,0.7142857142857143,0.0,0.0,0.0,0.0,2.685714285714286,0.8,HIGH,LOW
LOWER SUBANSIRI(Deputy Commissioner Lower Subansir_IDA),10,10,0,0,8100000.0,8100000.0,0.0,0.0,1,1,1.0,0.0,0.0,0.0,0.0,0.0,0.0,HIGH,LOW
LUCKNOW(DISTRICT MAGISTRAE LUCKNOW_IDA),360,75,5,0,233582906.0,398115989.0,0.7930555555555555,57.1,1,3,0.20833333333333334,0.013888888888888888,0.0,1.3888888888888888,0.0,0.7930555555555555,0.8,HIGH,LOW
LUDHIANA(DEPUTY COMMISSIONER LUDHIANA_IDA),452,118,49,0,74734177.0,175587664.0,5.8455752212389385,57.1,2,6,0.2610619469026549,0.1084070796460177,0.0,10.84070796460177,0.0,5.8455752212389385,6.1,HIGH,LOW
"LUNGLEI(Deputy Commissioner, Lunglei)",25,17,0,0,8000000.0,9750000.0,0.0,0.0,1,1,0.68,0.0,0.0,0.0,0.0,0.0,0.0,HIGH,LOW
Lahaul And Spiti(DEPUTY COMMISSIONER L and S_IDA),20,6,0,0,15601416.620000001,22203124.62,0.0,0.0,1,2,0.3,0.0,0.0,0.0,0.0,0.0,0.0,HIGH,LOW
MADHEPURA(DISTRICT PLANNING OFFICER MADHEPURA_IDA),74,3,0,0,4657271.0,65275065.0,0.25405405405405407,18.8,1,3,0.04054054054054054,0.0,0.0,0.0,0.0,0.25405405405405407,0.1,HIGH,LOW
MADHUBANI(DISTRICT PLANNING OFFICER MADHUBANI_IDA),515,284,0,0,290855935.0,387013074.0,0.0,0.0,1,3,0.5514563106796116,0.0,0.0,0.0,0.0,0.0,0.0,HIGH,LOW
MADURAI(DISTRICT COLLECTOR MADURAI_IDA),542,367,0,0,403707767.0,502851135.0,0.0,0.0,1,4,0.6771217712177122,0.0,0.0,0.0,0.0,0.0,0.0,HIGH,LOW
MAHABUBABAD(DISTRICT COLLECTOR MAHABUBABAD_IDA),206,70,10,0,51152923.0,87788698.0,2.7718446601941746,57.1,1,3,0.33980582524271846,0.04854368932038835,0.0,4.854368932038835,0.0,2.7718446601941746,2.8,HIGH,LOW
MAHABUBNAGAR(DISTRICT COLLECTOR MAHABUBNAGAR_3),158,48,13,0,15583132.0,53096919.0,4.698101265822785,57.1,2,4,0.3037974683544304,0.08227848101265822,0.0,8.227848101265822,0.0,4.698101265822785,4.7,HIGH,LOW
MAHASAMUND(DISTRICT COLLECTOR MAHASAMUND_IDA),116,49,0,0,53736557.0,77108036.0,0.0,0.0,1,2,0.4224137931034483,0.0,0.0,0.0,0.0,0.0,0.0,HIGH,LOW
MAHENDRAGARH(DEPUTY COMMISSIONER MAHENDRAGARH_IDA),68,42,1,0,20776381.0,33224152.0,1.9455882352941178,57.1,1,2,0.6176470588235294,0.014705882352941176,0.0,1.4705882352941175,0.0,1.9455882352941178,1.2,HIGH,LOW
MAHESANA(DISTRICT COLLECTOR MAHESANA_IDA),731,179,35,0,82486137.0,185689922.0,2.7853625170998635,57.1,1,5,0.2448700410396717,0.047879616963064295,0.0,4.7879616963064295,0.0,2.7853625170998635,2.8,HIGH,LOW
MAHOBA(DISTRICT MAGISTRAE MAHOBA_IDA),204,96,2,0,41240929.0,99826062.0,0.3887254901960785,57.1,1,2,0.47058823529411764,0.00980392156862745,0.0,0.9803921568627451,0.0,0.3887254901960785,0.5,HIGH,LOW
MAINPURI(DISTRICT MAGISTRATE MAINPURI_IDA),180,61,1,0,93866150.0,171328948.0,0.31722222222222224,57.1,1,2,0.3388888888888889,0.005555555555555556,0.0,0.5555555555555556,0.0,0.31722222222222224,0.3,HIGH,LOW
"MAJULI(District Commissioner, Majuli)",48,8,18,0,6461999.0,14750000.0,21.412499999999998,57.1,1,2,0.16666666666666666,0.375,0.0,37.5,0.0,21.412499999999998,21.4,HIGH,LOW
MALAPPURAM(DISTRICT COLLECTOR MALAPPURAM_IDA),800,199,2,0,151146400.0,505077041.0,0.14275000000000002,57.1,1,5,0.24875,0.0025,0.0,0.25,0.0,0.14275000000000002,0.1,HIGH,LOW
MALERKOTLA(Deputy Commissioner Malerkotla_IDA),43,11,1,0,6495294.0,11176215.0,1.327906976744186,57.1,1,2,0.2558139534883721,0.023255813953488372,0.0,2.3255813953488373,0.0,1.327906976744186,1.3,HIGH,LOW
MALKANGIRI(District Collector Malkangiri_IDA),82,13,0,0,10935798.0,38446904.0,0.0,0.0,1,2,0.15853658536585366,0.0,0.0,0.0,0.0,0.0,0.0,HIGH,LOW
MAMIT(DEPUTY COMMISSIONER MAMIT),43,34,0,0,18180000.0,20680000.0,0.0,0.0,1,1,0.7906976744186046,0.0,0.0,0.0,0.0,0.0,0.0,HIGH,LOW
MANCHERIAL(District Collector Mancherial_IDA),23,3,2,0,11314659.0,24490000.0,4.965217391304348,57.1,1,3,0.13043478260869565,0.08695652173913043,0.0,8.695652173913043,0.0,4.965217391304348,5.0,HIGH,LOW
MANDI(DEPUTY COMMISSIONER MANDI_IDA),307,80,4,0,46293889.0,77046161.0,0.6302931596091205,57.1,1,3,0.26058631921824105,0.013029315960912053,0.0,1.3029315960912053,0.0,0.6302931596091205,0.7,HIGH,LOW
MANDLA(DISTRICT COLLECTOR MANDLA_IDA),95,19,0,0,27011344.0,41123038.0,0.0,0.0,1,2,0.2,0.0,0.0,0.0,0.0,0.0,0.0,HIGH,LOW
MANDSAUR(DISTRICT COLLECTOR MANDSAUR_IDA),198,42,0,0,53265433.0,86299468.0,0.0,0.0,1,4,0.21212121212121213,0.0,0.0,0.0,0.0,0.0,0.0,HIGH,LOW
MANDYA(DEPUTY COMMISSIONER MANDYA_IDA),141,3,0,0,42605263.0,93283000.0,0.13333333333333333,18.8,1,5,0.02127659574468085,0.0,0.0,0.0,0.0,0.13333333333333333,0.0,HIGH,LOW
MANSA(DEPUTY COMMISSIONER MANSA_IDA),156,82,5,0,39533651.0,47140496.0,1.9506410256410258,57.1,1,5,0.5256410256410257,0.03205128205128205,0.0,3.205128205128205,0.0,1.9506410256410258,1.9,HIGH,LOW
MARIGAON(District Development Commissioner Morigaon),104,6,0,0,32900146.0,47300000.0,0.0,0.0,1,2,0.057692307692307696,0.0,0.0,0.0,0.0,0.0,0.0,HIGH,LOW
MATHURA(DISTRICT MAGISTRAE MATHURA_IDA),181,86,2,0,138014385.0,177964459.0,0.630939226519337,57.1,2,2,0.47513812154696133,0.011049723756906077,0.0,1.1049723756906076,0.0,0.630939226519337,0.6,HIGH,LOW
MAU(DISTRICT MAGISTRATE MAU_IDA),211,97,2,0,56432193.0,78383986.0,0.5412322274881517,57.1,1,4,0.4597156398104265,0.009478672985781991,0.0,0.9478672985781991,0.0,0.5412322274881517,0.5,HIGH,LOW
MAUGANJ(District Collector Mauganj_IDA),29,1,1,0,17399028.0,28886139.0,1.9689655172413794,57.1,1,2,0.034482758620689655,0.034482758620689655,0.0,3.4482758620689653,0.0,1.9689655172413794,2.0,HIGH,LOW
MAYURBHANJ(DISTRICT COLLECTOR MAYURBHANJ_IDA),427,86,20,0,77288164.0,231035957.0,2.6744730679156907,57.1,1,4,0.20140515222482436,0.0468384074941452,0.0,4.683840749414521,0.0,2.6744730679156907,2.7,HIGH,LOW
MEDAK(COLLECTOR MEDAK DISTRICT),33,2,6,0,257016.0,20712026.0,10.381818181818183,57.1,1,3,0.06060606060606061,0.18181818181818182,0.0,18.181818181818183,0.0,10.381818181818183,10.4,HIGH,LOW
MEDCHAL MALKAJGIRI(DISTRICT COLLECTOR MEDCHAL MALKAJGIRI_IDA),258,29,10,0,31981545.0,198969278.0,2.2131782945736433,57.1,1,1,0.1124031007751938,0.03875968992248062,0.0,3.875968992248062,0.0,2.2131782945736433,2.2,HIGH,LOW
MEERUT(DISTRICT MAGISTRATE MEERUT_IDA),336,36,6,0,93193269.0,215022949.0,0.9157738095238095,57.1,1,5,0.10714285714285714,0.017857142857142856,0.0,1.7857142857142856,0.0,0.9157738095238095,1.0,HIGH,LOW
MIRZAPUR(DISTRICT MAGISTRATE MIRZAPUR_IDA),120,47,3,0,200928496.0,286381268.0,1.4275,57.1,1,2,0.39166666666666666,0.025,0.0,2.5,0.0,1.4275,1.4,HIGH,LOW
MOGA(Deputy Commissioner Moga),180,60,2,0,46964302.0,60913100.0,0.6344444444444445,57.1,2,4,0.3333333333333333,0.011111111111111112,0.0,1.1111111111111112,0.0,0.6344444444444445,0.6,HIGH,LOW
MOKOKCHUNG(Deputy Commissioner Mokokchung_IDA),32,22,0,0,89412380.0,91132380.0,0.0,0.0,1,2,0.6875,0.0,0.0,0.0,0.0,0.0,0.0,HIGH,LOW
MON(Deputy Commissioner Mon_IDA),48,36,0,0,149669820.0,159902620.0,0.0,0.0,1,2,0.75,0.0,0.0,0.0,0.0,0.0,0.0,HIGH,LOW
MORADABAD(DISTRICT MAGISTRATE MORADABAD_IDA),397,169,0,0,72323968.0,103778909.0,0.0,0.0,2,3,0.4256926952141058,0.0,0.0,0.0,0.0,0.0,0.0,HIGH,LOW
MORBI(District collector Morbi_IDA),286,62,8,0,46208747.0,175043125.0,1.5972027972027973,57.1,1,5,0.21678321678321677,0.027972027972027972,0.0,2.797202797202797,0.0,1.5972027972027973,1.6,HIGH,LOW
MORENA(DISTRICT COLLECTOR MORENA_IDA),46,2,0,0,26456031.0,46050000.0,0.0,0.0,1,2,0.043478260869565216,0.0,0.0,0.0,0.0,0.0,0.0,HIGH,LOW
MUMBAI SUBURBAN(DISTRICT COLLECTOR MUMBAI SUBURBAN_IDA),284,0,0,0,295075488.0,669300000.0,0.0,0.0,1,5,0.0,0.0,0.0,0.0,0.0,0.0,0.0,HIGH,LOW
MUMBAI(DISTRICT COLLECTOR MUMBAI CITY_IDA),112,14,0,0,43837661.0,219454739.0,0.0,0.0,2,5,0.125,0.0,0.0,0.0,0.0,0.0,0.0,HIGH,LOW
MUNGELI(Collector Mungeli_IDA),55,20,0,0,23534772.0,37972407.0,0.0,0.0,2,2,0.36363636363636365,0.0,0.0,0.0,0.0,0.0,0.0,HIGH,LOW
MUNGER(DISTRICT PLANNING OFFICER MUNGER_IDA),97,94,3,0,42885553.0,44085553.0,1.7659793814432991,57.1,1,2,0.9690721649484536,0.030927835051546393,0.0,3.0927835051546393,0.0,1.7659793814432991,1.8,HIGH,LOW
MURSHIDABAD(DISTRICT MAGISTRATE MURSHIDABAD_IDA),569,177,1,0,63049855.0,287274264.0,0.1333919156414763,57.1,1,6,0.3110720562390158,0.0017574692442882249,0.0,0.17574692442882248,0.0,0.1333919156414763,0.1,HIGH,LOW
MUZAFFARNAGAR(DISTRICT MAGISTRATE MUZAFFARNAGAR_IDA),320,71,21,0,128302646.0,229190866.0,3.7471875000000003,57.1,2,3,0.221875,0.065625,0.0,6.5625,0.0,3.7471875000000003,3.7,HIGH,LOW
MUZAFFARPUR(DISTRICT PLANNING OFFICER MUZAFFARPUR_IDA),190,107,0,0,230484026.0,294030274.0,0.0,0.0,2,3,0.5631578947368421,0.0,0.0,0.0,0.0,0.0,0.0,HIGH,LOW
MYSURU(DEPUTY COMMISSIONER MYSORE_IDA),202,51,1,0,74483556.0,148125000.0,0.37574257425742574,57.1,1,5,0.2524752475247525,0.0049504950495049506,0.0,0.49504950495049505,0.0,0.37574257425742574,0.3,HIGH,LOW
Mahisagar(COLLECTOR MAHISAGAR_IDA),331,58,12,0,12205304.0,65507228.0,2.0700906344410877,57.1,1,3,0.17522658610271905,0.03625377643504532,0.0,3.625377643504532,0.0,2.0700906344410877,2.1,HIGH,LOW
Mahrajganj(DISTRICT MAGISTRAE MAHARAJGANJ_IDA),55,39,0,0,131738626.0,133635060.0,0.0,0.0,1,2,0.7090909090909091,0.0,0.0,0.0,0.0,0.0,0.0,HIGH,LOW
Maihar(District Collector Maihar_IDA),65,15,0,0,6341154.0,12931754.0,0.0,0.0,1,1,0.23076923076923078,0.0,0.0,0.0,0.0,0.0,0.0,HIGH,LOW
Malda(DISTRICT MAGISTRATE MALDA_IDA),143,34,11,0,19549803.0,84516529.0,4.392307692307693,57.1,1,3,0.23776223776223776,0.07692307692307693,0.0,7.6923076923076925,0.0,4.392307692307693,4.4,HIGH,LOW
Manendragarh-Chirmiri-Bharatpur(M C B)(Collector MCB_IDA),24,10,0,0,6738803.0,8999993.0,0.0,0.0,1,1,0.4166666666666667,0.0,0.0,0.0,0.0,0.0,0.0,HIGH,LOW
Mangan(DISTRICT COLLECTOR MANGAN_IDA),12,7,0,0,13211929.0,15478159.0,0.0,0.0,1,2,0.5833333333333334,0.0,0.0,0.0,0.0,0.0,0.0,HIGH,LOW
Mayiladuthurai(District Collector Mayiladuthurai_IDA),104,10,0,0,23452997.0,64526000.0,0.0,0.0,2,2,0.09615384615384616,0.0,0.0,0.0,0.0,0.0,0.0,HIGH,LOW
Mohla-Manpur-Ambagarh Chouki(Collector MMC_IDA),11,3,0,0,5876488.0,7399475.0,0.0,0.0,1,1,0.2727272727272727,0.0,0.0,0.0,0.0,0.0,0.0,HIGH,LOW
Mulugu(District Collector Mulugu_ida),29,26,3,0,6282656.0,7298000.0,5.906896551724138,57.1,1,1,0.896551724137931,0.10344827586206896,0.0,10.344827586206897,0.0,5.906896551724138,5.9,HIGH,LOW
NABARANGPUR(DISTRICT COLLECTOR NABARANGPUR_IDA),121,6,41,0,5534414.0,51549652.0,19.347933884297518,57.1,1,2,0.049586776859504134,0.33884297520661155,0.0,33.88429752066116,0.0,19.347933884297518,19.4,HIGH,LOW
NADIA(DISTRICT MAGISTRATE NADIA_IDA),341,120,24,0,109911732.0,276755901.0,3.9164222873900294,57.1,1,5,0.3519061583577713,0.07038123167155426,0.0,7.038123167155426,0.0,3.9164222873900294,4.0,HIGH,LOW
NAGAON(DEPUTY COMMISSIONER NOWGONG_IDA),134,7,3,0,42913934.0,78594000.0,0.4970149253731343,22.2,1,3,0.05223880597014925,0.022388059701492536,0.0,2.2388059701492535,0.0,0.4970149253731343,1.0,HIGH,LOW
NAGAPATTINAM(DISTRICT COLLECTOR NAGAPATTINAM_4),29,6,0,0,19457102.0,44769000.0,0.0,0.0,1,2,0.20689655172413793,0.0,0.0,0.0,0.0,0.0,0.0,HIGH,LOW
NAGARKURNOOL(DISTRICT COLLECTOR NAGARKURNOOL_IDA),153,101,15,0,24558084.0,53825014.0,5.598039215686274,57.1,1,3,0.6601307189542484,0.09803921568627451,0.0,9.803921568627452,0.0,5.598039215686274,5.6,HIGH,LOW
NAGAUR(DISTRICT COLLECTOR NAGAUR_IDA),230,183,14,0,71846178.0,94588371.0,3.4756521739130433,57.1,1,4,0.7956521739130434,0.06086956521739131,0.0,6.086956521739131,0.0,3.4756521739130433,3.5,HIGH,LOW
NAGPUR(DISTRICT COLLECTOR NAGPUR_IDA),123,20,1,0,51699651.0,193709407.0,0.46422764227642277,57.1,1,3,0.16260162601626016,0.008130081300813009,0.0,0.8130081300813009,0.0,0.46422764227642277,0.5,HIGH,LOW
NAINITAL(DISTRICT MAGISTRATE NAINITAL_IDA),345,45,25,0,37654857.0,89780183.0,4.13768115942029,57.1,1,4,0.13043478260869565,0.07246376811594203,0.0,7.246376811594203,0.0,4.13768115942029,4.1,HIGH,LOW
NALANDA(DISTRICT PLANNING OFFICER NALANDA_IDA),180,99,0,0,49344948.0,86204612.0,0.0,0.0,1,2,0.55,0.0,0.0,0.0,0.0,0.0,0.0,HIGH,LOW
NALBARI(DEPUTY COMMISSIONER NALBARI_IDA),31,3,0,0,21207447.0,37500000.0,0.0,0.0,2,2,0.0967741935483871,0.0,0.0,0.0,0.0,0.0,0.0,HIGH,LOW
NALGONDA(DISTRICT COLLECTOR NALGONDA),229,134,16,0,41424002.0,78049000.0,4.153711790393014,57.1,2,5,0.5851528384279476,0.06986899563318777,0.0,6.986899563318777,0.0,4.153711790393014,4.0,HIGH,LOW
NAMAKKAL(DISTRICT COLLECTOR NAMAKKAL_IDA),276,202,9,0,181493722.0,246065625.0,1.8619565217391303,57.1,1,3,0.7318840579710145,0.03260869565217391,0.0,3.260869565217391,0.0,1.8619565217391303,1.9,HIGH,LOW
NAMSAI(Deputy Commisioner Namsai_IDA),12,9,0,0,6995584.0,8795613.0,0.0,0.0,1,1,0.75,0.0,0.0,0.0,0.0,0.0,0.0,HIGH,LOW
NANDED(DISTRICT COLLECTOR NANDED_IDA),340,78,0,0,134950139.0,356775847.0,0.0,0.0,1,4,0.22941176470588234,0.0,0.0,0.0,0.0,0.0,0.0,HIGH,LOW
NANDURBAR(DISTRICT COLLECTOR NANDURBAR_IDA),181,104,1,0,17631016.0,63676000.0,0.3154696132596685,57.1,1,1,0.574585635359116,0.0055248618784530384,0.0,0.5524861878453038,0.0,0.3154696132596685,0.3,HIGH,LOW
NARAYANPUR(Collector Narayanpur_IDA),7,3,1,0,2286549.0,6354049.0,3.1714285714285713,22.2,1,1,0.42857142857142855,0.14285714285714285,0.0,14.285714285714285,0.0,3.1714285714285713,6.7,MEDIUM,LOW
NARMADA(DISTRICT COLLECTOR NARMADA_IDA),243,83,0,0,40072665.0,191096383.0,0.0,0.0,1,3,0.34156378600823045,0.0,0.0,0.0,0.0,0.0,0.0,HIGH,LOW
NARMADAPURAM(DISTRICT COLLECTOR NARMADAPURAM_IDA),372,44,7,0,32409329.0,71494158.0,1.0744623655913978,57.1,1,2,0.11827956989247312,0.01881720430107527,0.0,1.881720430107527,0.0,1.0744623655913978,1.1,HIGH,LOW
NASHIK(DISTRICT COLLECTOR NASHIK_IDA),256,46,16,0,82316313.0,242092037.0,3.56875,57.1,1,5,0.1796875,0.0625,0.0,6.25,0.0,3.56875,3.6,HIGH,LOW
NAVSARI(DISTRICT COLLECTOR NAVSARI_IDA),450,274,84,0,73402718.0,145896692.0,10.658666666666669,57.1,1,3,0.6088888888888889,0.18666666666666668,0.0,18.666666666666668,0.0,10.658666666666669,10.7,HIGH,LOW
NAWADA(District Planning Officer NAWADA_IDA),42,3,0,0,3729628.0,45491820.0,0.0,0.0,1,2,0.07142857142857142,0.0,0.0,0.0,0.0,0.0,0.0,HIGH,LOW
NEEMUCH(District Collector Neemuch_IDA),98,25,0,0,5129846.0,13644846.0,0.0,0.0,2,3,0.25510204081632654,0.0,0.0,0.0,0.0,0.0,0.0,HIGH,LOW
NEW DELHI(COMMISSIONER MCD NEW DELHI),13,6,0,0,4952684.0,8876183.0,0.0,0.0,1,2,0.46153846153846156,0.0,0.0,0.0,0.0,0.0,0.0,HIGH,LOW
NICOBARS(DEPUTY COMMISSIONER NICOBAR_IDA),4,0,0,0,0.0,9680219.0,0.0,0.0,1,1,0.0,0.0,0.0,0.0,0.0,0.0,0.0,LOW,LOW
NIZAMABAD(DISTRICT COLLECTOR NIZAMABAD_IDA),689,364,2,0,119876858.0,201113809.0,0.16574746008708274,57.1,2,4,0.5283018867924528,0.002902757619738752,0.0,0.29027576197387517,0.0,0.16574746008708274,0.2,HIGH,LOW
NORTH AND MIDDLE ANDAMAN(Implementing District Authority(N&MA)),7,0,0,0,3833520.0,26596458.0,0.0,0.0,1,1,0.0,0.0,0.0,0.0,0.0,0.0,0.0,MEDIUM,LOW
NORTH EAST(COMMISSIONER MCD NORTH EAST),5,0,0,0,0.0,14539792.0,0.0,0.0,1,1,0.0,0.0,0.0,0.0,0.0,0.0,0.0,MEDIUM,LOW
NORTH GARO HILLS(DEPUTY COMMISSIONER NORTH GARO HILLS RESUBELPARA_IDA),55,27,0,0,17300000.0,21300000.0,0.0,0.0,1,1,0.4909090909090909,0.0,0.0,0.0,0.0,0.0,0.0,HIGH,LOW
NORTH GOA(DISTRICT COLLECTOR NORTH GOA_IDA),143,2,0,0,28758807.0,215637058.3,0.0,0.0,1,2,0.013986013986013986,0.0,0.0,0.0,0.0,0.0,0.0,HIGH,LOW
NORTH WEST(COMMISSIONER NORTH WEST),89,24,1,0,27283378.0,102206062.0,0.6415730337078652,57.1,1,3,0.2696629213483146,0.011235955056179775,0.0,1.1235955056179776,0.0,0.6415730337078652,0.6,HIGH,LOW
NORTH(COMMISSIONER MCD NORTH_IDA),61,21,1,0,13858383.0,53137440.63,0.9360655737704918,57.1,1,2,0.3442622950819672,0.01639344262295082,0.0,1.639344262295082,0.0,0.9360655737704918,0.9,HIGH,LOW
NTR(DISTRICT COLLECTOR NTR_IDA),64,6,2,0,20249296.0,110580180.0,1.784375,57.1,1,3,0.09375,0.03125,0.0,3.125,0.0,1.784375,1.8,HIGH,LOW
NUAPADA(DISTRICT COLLECTOR NUAPADA_IDA),59,8,0,0,3308707.0,18014000.0,0.0,0.0,1,2,0.13559322033898305,0.0,0.0,0.0,0.0,0.0,0.0,HIGH,LOW
NUH(Deputy Commissioner Nuh),1,1,0,0,191547.0,322000.0,0.0,0.0,1,1,1.0,0.0,0.0,0.0,0.0,0.0,0.0,LOW,LOW
"Namchi(IMPLEMENTING DISTRICT AGENCY, NAMCHI)",9,0,0,0,2695934.0,11150000.0,0.0,0.0,1,2,0.0,0.0,0.0,0.0,0.0,0.0,0.0,MEDIUM,LOW
Nandyal(DISTRICT COLLECTOR NANDYAL_IDA),194,69,13,0,46267505.0,96251510.0,3.8262886597938146,57.1,1,5,0.3556701030927835,0.06701030927835051,0.0,6.701030927835052,0.0,3.8262886597938146,3.8,HIGH,LOW
Narayanpet(DISTRICT COLLECTOR NARAYANPET_IDA),196,54,0,0,44080939.0,102150000.0,0.0,0.0,3,2,0.2755102040816326,0.0,0.0,0.0,0.0,0.0,0.0,HIGH,LOW
Narsimhapur(DISTRICT COLLECTOR NARSINGHPUR_IDA),292,19,15,0,42560442.0,81244829.0,2.813698630136986,57.1,1,3,0.06506849315068493,0.05136986301369863,0.0,5.136986301369863,0.0,2.813698630136986,2.9,HIGH,LOW
Nayagada(DISTRICT COLLECTOR NAYAGARH_IDA),534,321,37,0,37143853.0,86690730.0,3.9563670411985026,57.1,1,4,0.601123595505618,0.06928838951310862,0.0,6.928838951310862,0.0,3.9563670411985026,4.0,HIGH,LOW
Neem Ka Thana(DISTRICT COLLECTOR Neem Ka Thana_IDA),32,11,5,0,13184118.0,17950039.0,8.921875,57.1,1,3,0.34375,0.15625,0.0,15.625,0.0,8.921875,8.9,HIGH,LOW
Nirmal(DISTRICT COLLECTOR NIRMAL_3),119,28,21,0,9804299.0,36174990.0,10.076470588235296,57.1,2,2,0.23529411764705882,0.17647058823529413,0.0,17.647058823529413,0.0,10.076470588235296,10.1,HIGH,LOW
Niwari(District Collector Niwari_IDA),72,0,6,0,5483405.0,29155520.0,4.758333333333334,57.1,1,1,0.0,0.08333333333333333,0.0,8.333333333333332,0.0,4.758333333333334,4.8,HIGH,LOW
Noklak(Deputy Commissioner Noklak_IDA),1,1,0,0,1000000.0,1000000.0,0.0,0.0,1,1,1.0,0.0,0.0,0.0,0.0,0.0,0.0,LOW,LOW
North 24 Parganas(DISTRICT MAGISTRATE NORTH TWENTY FOUR PARGANAS_IDA),353,106,1,0,166301522.0,490034354.0,0.16175637393767706,57.1,1,7,0.3002832861189802,0.0028328611898017,0.0,0.28328611898017,0.0,0.16175637393767706,0.2,HIGH,LOW
North Tripura(DISTRICT MAGISTRATE and COLLECTOR NORTH TRIPURA DISTRICT_IDA),2,0,0,0,4316480.0,6607060.0,0.0,0.0,1,2,0.0,0.0,0.0,0.0,0.0,0.0,0.0,LOW,LOW
PAKUR(Deputy Commissioner Pakur_IDA),292,0,0,0,6221697.0,62615000.0,0.0,0.0,1,1,0.0,0.0,0.0,0.0,0.0,0.0,0.0,HIGH,LOW
PALAKKAD(DISTRICT COLLECTOR PALAKKAD_IDA),453,149,24,0,98836352.0,271989827.0,3.0251655629139074,57.1,1,5,0.32891832229580575,0.052980132450331126,0.0,5.298013245033113,0.0,3.0251655629139074,3.0,HIGH,LOW
PALAMU(DEPUTY COMMISSIONER PALAMAU_IDA),248,171,0,0,77799104.0,99305287.0,0.0,0.0,1,3,0.6895161290322581,0.0,0.0,0.0,0.0,0.0,0.0,HIGH,LOW
PALGHAR(DISTRICT COLLECTOR PALGHAR_IDA),94,1,0,0,8415952.0,81749000.0,0.0,0.0,1,2,0.010638297872340425,0.0,0.0,0.0,0.0,0.0,0.0,HIGH,LOW
PALI(DISTRICT COLLECTOR PALI_IDA),87,18,6,0,27519559.0,63748378.0,2.7344827586206897,57.1,1,2,0.20689655172413793,0.06896551724137931,0.0,6.896551724137931,0.0,2.7344827586206897,3.6,HIGH,LOW
PALWAL(CEO DRDA MPLADS PALWAL),52,2,0,0,13996435.0,39400097.0,0.0,0.0,1,2,0.038461538461538464,0.0,0.0,0.0,0.0,0.0,0.0,HIGH,LOW
PANCH MAHALS(DISTRICT COLLECTOR PANCHMAHALS_IDA),689,102,135,0,56450131.0,176939664.0,11.187953555878083,57.1,1,3,0.14804063860667635,0.19593613933236576,0.0,19.593613933236576,0.0,11.187953555878083,11.2,HIGH,LOW
PANCHKULA(DRDA PANCHKULA),182,2,9,0,13351423.0,134124810.0,2.631868131868132,57.1,2,3,0.01098901098901099,0.04945054945054945,0.0,4.945054945054945,0.0,2.631868131868132,2.8,HIGH,LOW
PANIPAT(DC CUM NODAL OFFICER MPLADS),20,1,0,0,16619897.0,31616882.0,0.0,0.0,1,2,0.05,0.0,0.0,0.0,0.0,0.0,0.0,HIGH,LOW
PANNA(DISTRICT COLLECTOR PANNA_IDA),26,3,0,0,18889947.0,45482202.0,0.0,0.0,1,2,0.11538461538461539,0.0,0.0,0.0,0.0,0.0,0.0,HIGH,LOW
PAPUM PARE(DEPUTY COMMISSIONER PAPUM PARE_IDA),32,28,0,0,20422805.0,20430288.0,0.0,0.0,2,2,0.875,0.0,0.0,0.0,0.0,0.0,0.0,HIGH,LOW
PARBHANI(DISTRICT COLLECTOR PARBHANI_IDA),79,41,6,0,63681819.0,99423736.0,4.336708860759494,57.1,1,2,0.5189873417721519,0.0759493670886076,0.0,7.59493670886076,0.0,4.336708860759494,4.3,HIGH,LOW
PASCHIM BARDHAMAN(DISTRICT MAGISTRATE PASCHIM BARDHAMAN_IDA),62,7,7,0,75093504.0,124308280.0,6.446774193548387,57.1,1,2,0.11290322580645161,0.11290322580645161,0.0,11.29032258064516,0.0,6.446774193548387,6.5,HIGH,LOW
PASHCHIM CHAMPARAN(DISTRICT PLANNING OFFICER WEST CHAMPARANBETTIAH_IDA),446,210,9,0,169456221.0,284830811.0,1.1522421524663677,57.1,1,2,0.47085201793721976,0.020179372197309416,0.0,2.0179372197309418,0.0,1.1522421524663677,1.2,HIGH,LOW
PATAN(DISTRICT COLLECTOR PATAN_IDA),236,113,1,0,47587342.0,90679675.0,0.32161016949152543,57.1,1,3,0.4788135593220339,0.00423728813559322,0.0,0.423728813559322,0.0,0.32161016949152543,0.3,HIGH,LOW
PATHANAMTHITTA(DISTRICT COLLECTOR PATHANAMTHITTA_IDA),301,39,13,0,29814482.0,151102525.0,2.4661129568106315,57.1,2,3,0.12956810631229235,0.04318936877076412,0.0,4.318936877076411,0.0,2.4661129568106315,2.5,HIGH,LOW
PATHANKOT(DEPUTY COMMISSIONER PATHANKOT_IDA),114,47,1,0,10471721.0,19292078.0,0.5008771929824561,57.1,1,1,0.41228070175438597,0.008771929824561403,0.0,0.8771929824561403,0.0,0.5008771929824561,0.5,HIGH,LOW
PATIALA(DEPUTY COMMISSIONER PATIALA_IDA),365,54,21,0,78382420.0,132177606.0,2.9027397260273973,57.1,3,4,0.14794520547945206,0.057534246575342465,0.0,5.7534246575342465,0.0,2.9027397260273973,3.2,HIGH,LOW
PATNA(DISTRICT PLANNING OFFICER PATNA_IDA),737,541,2,0,599669465.0,700725490.0,0.15495251017639078,57.1,1,2,0.7340569877883311,0.0027137042062415195,0.0,0.27137042062415195,0.0,0.15495251017639078,0.2,HIGH,LOW
PAURI GARHWAL(DISTRICT MAGISTRATE PAURI GARHWAL_IDA),17,4,0,0,4135451.0,13390000.0,0.0,0.0,1,2,0.23529411764705882,0.0,0.0,0.0,0.0,0.0,0.0,HIGH,LOW
PEDDAPALLI(District Collector Peddapally_IDA),56,11,0,0,7530187.0,27853779.0,0.0,0.0,1,2,0.19642857142857142,0.0,0.0,0.0,0.0,0.0,0.0,HIGH,LOW
PERAMBALUR(DISTRICT COLLECTOR PERAMBALUR_IDA),52,38,0,0,35375705.0,56611899.0,0.0,0.0,1,3,0.7307692307692307,0.0,0.0,0.0,0.0,0.0,0.0,HIGH,LOW
PEREN(Deputy Commissioner Peren_IDA),4,4,0,0,2750000.0,2750000.0,0.0,0.0,1,2,1.0,0.0,0.0,0.0,0.0,0.0,0.0,LOW,LOW
PHEK(Deputy Commissioner Phek_IDA),3,3,0,0,2385546.0,2385546.0,6.266666666666667,18.8,2,3,1.0,0.0,0.0,0.0,0.0,6.266666666666667,1.9,LOW,LOW
PILIBHIT(DISTRICT MAGISTRAE PILIBHIT_IDA),245,212,0,0,211605302.0,247965850.0,0.0,0.0,4,3,0.8653061224489796,0.0,0.0,0.0,0.0,0.0,0.0,HIGH,LOW
"PITHORAGARH(NRLM , pithoragarh)",50,2,0,0,11104074.0,22114802.0,0.0,0.0,1,2,0.04,0.0,0.0,0.0,0.0,0.0,0.0,HIGH,LOW
POONCH(Deputy Commissioner Poonch_IDA),32,4,0,0,6188000.0,21501365.0,0.0,0.0,1,3,0.125,0.0,0.0,0.0,0.0,0.0,0.0,HIGH,LOW
PORBANDAR(DISTRICT COLLECTOR PORBANDAR_IDA),110,24,6,0,9656136.0,42210252.0,3.1145454545454547,57.1,1,1,0.21818181818181817,0.05454545454545454,0.0,5.454545454545454,0.0,3.1145454545454547,3.1,HIGH,LOW
PRAKASAM(DISTRICT COLLECTOR PRAKASAM_IDA),92,7,6,0,25342162.0,68696227.0,3.723913043478261,57.1,2,5,0.07608695652173914,0.06521739130434782,0.0,6.521739130434782,0.0,3.723913043478261,3.7,HIGH,LOW
PRATAPGARH(DISTRICT COLLECTOR PRATAPGARH_IDA),147,4,0,0,9904109.0,49965532.0,0.0,0.0,1,4,0.027210884353741496,0.0,0.0,0.0,0.0,0.0,0.0,HIGH,LOW
PRATAPGARH(DISTRICT MAGISTRAE PRATAPGARH_IDA),1157,388,21,0,147824424.0,303832661.0,1.0363872082973207,57.1,3,3,0.3353500432152118,0.018150388936905792,0.0,1.8150388936905792,0.0,1.0363872082973207,1.0,HIGH,LOW
PRAYAGRAJ(DISTRICT MAGISTRAE ALLAHABAD_IDA),211,155,9,0,187557515.0,239036859.0,2.4355450236966822,57.1,2,5,0.7345971563981043,0.04265402843601896,0.0,4.265402843601896,0.0,2.4355450236966822,2.4,HIGH,LOW
PUDUKKOTTAI(DISTRICT COLLECTOR PUDUKKOTTAI_IDA),207,119,22,0,123489838.0,185190308.0,6.068599033816425,57.1,1,5,0.5748792270531401,0.10628019323671498,0.0,10.628019323671497,0.0,6.068599033816425,6.1,HIGH,LOW
PULWAMA(Deputy Commissioner Pulwama_IDA),49,23,2,0,7837339.0,21121291.0,2.330612244897959,57.1,2,2,0.46938775510204084,0.04081632653061224,0.0,4.081632653061225,0.0,2.330612244897959,2.3,HIGH,LOW
PUNE(DISTRICT COLLECTOR PUNE_IDA),494,91,3,0,127798490.0,500865861.0,0.38481781376518226,57.1,1,6,0.18421052631578946,0.006072874493927126,0.0,0.6072874493927125,0.0,0.38481781376518226,0.4,HIGH,LOW
PURBA BARDHAMAN(DISTRICT MAGISTRATE PURBA BARDHAMAN_IDA),290,46,43,0,57326889.0,267683047.0,8.466551724137931,57.1,1,4,0.15862068965517243,0.1482758620689655,0.0,14.827586206896552,0.0,8.466551724137931,8.5,HIGH,LOW
PURBI CHAMPARAN(DISTRICT PLANNING OFFICER MOTHIHARI EAST CHAMPARAN_IDA),317,168,3,0,244065541.0,350412538.0,0.7182965299684543,57.1,2,3,0.5299684542586751,0.00946372239747634,0.0,0.9463722397476341,0.0,0.7182965299684543,0.6,HIGH,LOW
PURI(DISTRICT COLLECTOR PURI_IDA),772,319,47,0,42626212.0,223948113.0,3.4762953367875653,57.1,1,3,0.41321243523316065,0.06088082901554404,0.0,6.0880829015544045,0.0,3.4762953367875653,3.5,HIGH,LOW
PURNIA(DISTRICT PLANNING OFFICER PURNIA_IDA),216,82,0,0,88946418.0,177489418.0,0.0,0.0,1,3,0.37962962962962965,0.0,0.0,0.0,0.0,0.0,0.0,HIGH,LOW
PURULIA(DISTRICT MAGISTRATE PURULIA_IDA),146,31,1,0,36305010.0,154081188.0,0.39109589041095894,57.1,1,4,0.21232876712328766,0.00684931506849315,0.0,0.684931506849315,0.0,0.39109589041095894,0.4,HIGH,LOW
Pakyong(DISTRICT COLLECTOR PAKYONG_IDA),105,77,2,0,80023542.0,115800000.0,1.0876190476190477,57.1,3,2,0.7333333333333333,0.01904761904761905,0.0,1.9047619047619049,0.0,1.0876190476190477,1.1,HIGH,LOW
Palnadu(District Collector Palnadu_IDA),145,7,0,0,17278298.0,99179194.0,0.0,0.0,1,3,0.04827586206896552,0.0,0.0,0.0,0.0,0.0,0.0,HIGH,LOW
Pandhurna(District Collector Pandhurna_IDA),75,5,0,0,13788356.0,28100000.0,0.0,0.0,1,1,0.06666666666666667,0.0,0.0,0.0,0.0,0.0,0.0,HIGH,LOW
Parvathipuram Manyam(District Collector Parvathipuram Manyam_IDA),57,2,4,0,9314178.0,22591815.0,4.007017543859649,57.1,1,2,0.03508771929824561,0.07017543859649122,0.0,7.017543859649122,0.0,4.007017543859649,4.0,HIGH,LOW
Paschim Medinipur(DISTRICT MAGISTRATE PASCHIM MEDINIPUR_IDA),297,199,5,0,154442224.0,366005606.0,0.9612794612794613,57.1,1,5,0.67003367003367,0.016835016835016835,0.0,1.6835016835016834,0.0,0.9612794612794613,1.0,HIGH,LOW
Phalodi(DISTRICT COLLECTOR PHALODI_IDA),36,4,0,0,6643191.0,27448374.0,0.0,0.0,1,2,0.1111111111111111,0.0,0.0,0.0,0.0,0.0,0.0,HIGH,LOW
Puducherry(PROJECT DIRECTOR RDA PUDUCHERRY_IDA),166,44,5,0,132724157.0,404281316.0,1.7198795180722892,57.1,1,2,0.26506024096385544,0.030120481927710843,0.0,3.0120481927710845,0.0,1.7198795180722892,1.7,HIGH,LOW
Purba Medinipur(DISTRICT MAGISTRATE PURBA MEDINIPUR_IDA),374,128,19,0,96887288.78,236732434.78,2.9008021390374332,57.1,1,4,0.3422459893048128,0.05080213903743316,0.0,5.080213903743315,0.0,2.9008021390374332,2.9,HIGH,LOW
RAE BARELI(DISTRICT MAGISTRATE RAE BARELI_IDA),210,76,5,0,46456514.0,97665446.0,1.3595238095238096,57.1,1,3,0.3619047619047619,0.023809523809523808,0.0,2.380952380952381,0.0,1.3595238095238096,1.4,HIGH,LOW
RAICHUR(DEPUTY COMMISSIONER RAICHUR_IDA),100,8,0,0,23781192.0,71231548.0,0.0,0.0,1,3,0.08,0.0,0.0,0.0,0.0,0.0,0.0,HIGH,LOW
RAIGAD(DISTRICT COLLECTOR RAIGAD_IDA),110,22,0,0,69655015.0,152786243.0,0.0,0.0,2,3,0.2,0.0,0.0,0.0,0.0,0.0,0.0,HIGH,LOW
RAIGARH(DISTRICT COLLECTOR RAIGARH_IDA),77,17,2,0,28080516.0,48203113.0,1.483116883116883,57.1,1,2,0.22077922077922077,0.025974025974025976,0.0,2.5974025974025974,0.0,1.483116883116883,1.5,HIGH,LOW
RAIPUR(DISTRICT COLLECTOR RAIPUR_IDA),133,22,0,0,49878095.0,101033916.0,0.0,0.0,1,2,0.16541353383458646,0.0,0.0,0.0,0.0,0.0,0.0,HIGH,LOW
RAISEN(DISTRICT COLLECTOR RAISEN_IDA),111,0,1,0,29647000.0,41310000.0,0.5144144144144144,57.1,1,3,0.0,0.009009009009009009,0.0,0.9009009009009009,0.0,0.5144144144144144,0.5,HIGH,LOW
RAJANNA SIRCILLA(DISTRICT COLLECTOR RAJANNA SIRCILLA_IDA),204,39,2,0,16309015.0,70605000.0,0.5598039215686275,57.1,1,4,0.19117647058823528,0.00980392156862745,0.0,0.9803921568627451,0.0,0.5598039215686275,0.6,HIGH,LOW
RAJGARH(DISTRICT COLLECTOR RAJGARH_IDA),310,55,0,0,111486274.0,152571840.0,0.0,0.0,1,2,0.1774193548387097,0.0,0.0,0.0,0.0,0.0,0.0,HIGH,LOW
RAJKOT(DISTRICT COLLECTOR RAJKOT_IDA),359,113,17,0,45629117.0,166006102.0,2.703899721448468,57.1,1,3,0.3147632311977716,0.04735376044568245,0.0,4.735376044568245,0.0,2.703899721448468,2.7,HIGH,LOW
RAJNANDGAON(DISTRICT COLLECTOR RAJNANDGAON_IDA),99,62,0,0,32951747.0,44191390.0,0.0,0.0,1,2,0.6262626262626263,0.0,0.0,0.0,0.0,0.0,0.0,HIGH,LOW
RAJOURI(Deputy Commissioner Rajouri_IDA),60,5,2,0,5850000.0,61365648.0,1.9033333333333333,57.1,1,4,0.08333333333333333,0.03333333333333333,0.0,3.3333333333333335,0.0,1.9033333333333333,1.9,HIGH,LOW
RAJSAMAND(DISTRICT COLLECTOR RAJSAMAND_IDA),101,16,1,0,34601388.0,77420998.0,0.5653465346534654,57.1,1,2,0.15841584158415842,0.009900990099009901,0.0,0.9900990099009901,0.0,0.5653465346534654,0.6,HIGH,LOW
RAMANATHAPURAM(DISTRICT COLLECTOR RAMANATHAPURAM_IDA),112,72,0,0,55720322.0,76172114.0,0.0,0.0,1,2,0.6428571428571429,0.0,0.0,0.0,0.0,0.0,0.0,HIGH,LOW
RAMBAN(Deputy Commissioner Ramban_IDA),50,16,4,0,11729300.0,20326200.0,4.5680000000000005,57.1,1,1,0.32,0.08,0.0,8.0,0.0,4.5680000000000005,4.6,HIGH,LOW
RAMGARH(Deputy Commissioner ramgarh_IDA),49,0,0,0,1248274.0,26742500.0,0.0,0.0,1,2,0.0,0.0,0.0,0.0,0.0,0.0,0.0,HIGH,LOW
RAMPUR(DISTRICT MAGISTRATE RAMPUR_IDA),343,224,0,0,82711371.0,87022439.0,0.0,0.0,2,2,0.6530612244897959,0.0,0.0,0.0,0.0,0.0,0.0,HIGH,LOW
RANCHI(DEPUTY COMMISSIONER RANCHI_IDA),1142,368,0,0,522727132.0,621324451.0,0.0,0.0,1,4,0.3222416812609457,0.0,0.0,0.0,0.0,0.0,0.0,HIGH,LOW
RANGA REDDY(DISTRICT COLLECTOR RANGAREDDY_IDA),306,184,27,0,53844288.0,128910045.0,5.038235294117647,57.1,2,7,0.6013071895424836,0.08823529411764706,0.0,8.823529411764707,0.0,5.038235294117647,5.0,HIGH,LOW
RATLAM(District Collector Ratlam_IDA),84,31,0,0,36122791.0,51651608.0,0.0,0.0,1,4,0.36904761904761907,0.0,0.0,0.0,0.0,0.0,0.0,HIGH,LOW
RATNAGIRI(District Collector Ratnagiri_IDA),49,8,0,0,8207672.0,43750000.0,0.0,0.0,1,3,0.16326530612244897,0.0,0.0,0.0,0.0,0.0,0.0,HIGH,LOW
RAYAGADA(DISTRICT COLLECTOR RAYAGADA_IDA),294,67,0,0,25253787.0,97232424.0,0.0,0.0,1,2,0.22789115646258504,0.0,0.0,0.0,0.0,0.0,0.0,HIGH,LOW
REASI(DC Reasi_2),3,1,0,0,993825.0,1993825.0,0.0,0.0,1,1,0.3333333333333333,0.0,0.0,0.0,0.0,0.0,0.0,LOW,LOW
REWA(DISTRICT COLLECTOR REWA_IDA),87,0,6,0,72117973.0,113400022.0,3.9379310344827587,57.1,1,2,0.0,0.06896551724137931,0.0,6.896551724137931,0.0,3.9379310344827587,3.9,HIGH,LOW
REWARI(District Commissioner Rewari),37,14,4,0,17109862.0,31587281.0,6.172972972972973,57.1,1,4,0.3783783783783784,0.10810810810810811,0.0,10.81081081081081,0.0,6.172972972972973,6.2,HIGH,LOW
RI BHOI(DEPUTY COMMISSIONER RIBHOI NONGPOH_IDA),77,34,0,0,20041000.0,28626000.0,0.0,0.0,1,1,0.44155844155844154,0.0,0.0,0.0,0.0,0.0,0.0,HIGH,LOW
ROHTAK(DEPUTY COMMISSIONER ROHTAK_IDA),81,39,2,0,30520009.0,57984573.0,1.4098765432098765,57.1,1,2,0.48148148148148145,0.024691358024691357,0.0,2.4691358024691357,0.0,1.4098765432098765,1.4,HIGH,LOW
ROHTAS(District Planning Officer Rohtas_IDA),193,75,2,0,78797666.0,144118837.0,0.5917098445595855,57.1,1,5,0.38860103626943004,0.010362694300518135,0.0,1.0362694300518136,0.0,0.5917098445595855,0.6,HIGH,LOW
RUPNAGAR(DEPUTY COMMISSIONER ROOPNAGAR_IDA),147,44,3,0,45593417.0,85589469.0,1.1653061224489796,57.1,2,4,0.29931972789115646,0.02040816326530612,0.0,2.0408163265306123,0.0,1.1653061224489796,1.2,HIGH,LOW
"Ranipet(District Collector, Ranipet_2)",122,22,0,0,37037683.0,111413876.0,0.0,0.0,1,2,0.18032786885245902,0.0,0.0,0.0,0.0,0.0,0.0,HIGH,LOW
Rudraprayag(DM Rudraprayag_IDA),9,1,2,0,250000.0,4550000.0,12.68888888888889,57.1,1,1,0.1111111111111111,0.2222222222222222,0.0,22.22222222222222,0.0,12.68888888888889,12.7,MEDIUM,LOW
S.A.S Nagar(DEPUTY COMMISSIONER SAHIBZADA AJIT SINGH NAGAR MOHALI_IDA),142,46,0,0,36424369.74,57400954.74,0.0,0.0,2,5,0.323943661971831,0.0,0.0,0.0,0.0,0.0,0.0,HIGH,LOW
SABAR KANTHA(DISTRICT COLLECTOR SABARKANTHA_IDA),160,64,30,0,28112000.0,64169249.0,10.70625,57.1,1,2,0.4,0.1875,0.0,18.75,0.0,10.70625,10.7,HIGH,LOW
SAGAR(DISTRICT COLLECTOR SAGAR_IDA),245,133,0,0,99985089.0,125983752.0,0.0,0.0,1,3,0.5428571428571428,0.0,0.0,0.0,0.0,0.0,0.0,HIGH,LOW
SAHARANPUR(DISTRICT MAGISTRAE SAHARANPUR_IDA),166,84,0,0,98727397.0,144883068.0,0.11325301204819277,18.8,1,4,0.5060240963855421,0.0,0.0,0.0,0.0,0.11325301204819277,0.0,HIGH,LOW
SAHARSA(DISTRICT PLANNING OFFICER SAHARSA_IDA),201,173,1,0,146063370.0,173121238.0,0.2840796019900498,57.1,2,4,0.8606965174129353,0.004975124378109453,0.0,0.4975124378109453,0.0,0.2840796019900498,0.3,HIGH,LOW
SAHEBGANJ(DEPUTY COMMISSIONER SAHEBGANJ_IDA),132,0,0,0,20340000.0,22300000.0,0.0,0.0,1,2,0.0,0.0,0.0,0.0,0.0,0.0,0.0,HIGH,LOW
"SAITUAL(Dy. Commissioners Office, Saitual)",13,3,0,0,4750000.0,7000000.0,0.0,0.0,1,1,0.23076923076923078,0.0,0.0,0.0,0.0,0.0,0.0,HIGH,LOW
SAKTI(COLLECTOR SAKTI_IDA),312,213,0,0,76943504.0,97370814.0,0.0,0.0,1,2,0.6826923076923077,0.0,0.0,0.0,0.0,0.0,0.0,HIGH,LOW
SALEM(DISTRICT COLLECTOR SALEM_IDA),270,157,0,0,87986256.0,175098933.5,0.0,0.0,1,5,0.5814814814814815,0.0,0.0,0.0,0.0,0.0,0.0,HIGH,LOW
SAMASTIPUR(DISTRICT PLANNING OFFICER SAMASTIPUR_IDA),194,75,3,0,69572847.0,160110546.0,0.8829896907216496,57.1,1,4,0.3865979381443299,0.015463917525773196,0.0,1.5463917525773196,0.0,0.8829896907216496,0.9,HIGH,LOW
SAMBA(Deputy Commissioner Samba_IDA),39,8,0,0,3974278.0,16098126.89,0.0,0.0,1,2,0.20512820512820512,0.0,0.0,0.0,0.0,0.0,0.0,HIGH,LOW
SAMBALPUR(DISTRICT COLLECTOR SAMBALPUR_IDA),74,2,1,0,8704141.0,57753000.0,0.3,22.2,1,2,0.02702702702702703,0.013513513513513514,0.0,1.3513513513513513,0.0,0.3,0.6,HIGH,LOW
SAMBHAL(DISTRICT MAGISTRAE BHIMNAGAR SAMBHAL_IDA),234,6,1,0,77644236.78,111940307.85,0.244017094017094,57.1,1,3,0.02564102564102564,0.004273504273504274,0.0,0.4273504273504274,0.0,0.244017094017094,0.2,HIGH,LOW
SANGAREDDY(District Collector Sangareddy_IDA),296,33,2,0,24966530.0,96807026.0,0.3858108108108108,57.1,1,3,0.11148648648648649,0.006756756756756757,0.0,0.6756756756756757,0.0,0.3858108108108108,0.4,HIGH,LOW
SANGLI(DISTRICT COLLECTOR SANGLI_IDA),100,17,21,0,30727313.0,109195270.0,11.991000000000001,57.1,1,3,0.17,0.21,0.0,21.0,0.0,11.991000000000001,12.0,HIGH,LOW
SANGRUR(DEPUTY COMMISSIONER SANGRUR_IDA),83,54,2,0,26268641.0,31736975.0,0.9554216867469879,57.1,1,4,0.6506024096385542,0.024096385542168676,0.0,2.4096385542168677,0.0,0.9554216867469879,1.3,HIGH,LOW
SARAIKELA KHARSAWAN(Deputy Commissioner saraikela_IDA),97,0,0,0,43612249.0,52177134.0,0.0,0.0,1,4,0.0,0.0,0.0,0.0,0.0,0.0,0.0,HIGH,LOW
SARAN(DISTRICT PLANNING OFFICE SARAN CHAPRA_IDA),70,14,1,0,39406760.0,184185178.0,0.8157142857142857,57.1,1,3,0.2,0.014285714285714285,0.0,1.4285714285714286,0.0,0.8157142857142857,0.8,HIGH,LOW
SATARA(DISTRICT COLLECTOR SATARA_IDA),286,24,48,0,23449721.0,208275696.0,9.583216783216784,57.1,1,3,0.08391608391608392,0.16783216783216784,0.0,16.783216783216783,0.0,9.583216783216784,9.6,HIGH,LOW
SATNA(DISTRICT COLLECTOR SATNA_IDA),258,63,1,0,41918129.0,60132300.0,0.29418604651162794,57.1,1,4,0.2441860465116279,0.003875968992248062,0.0,0.3875968992248062,0.0,0.29418604651162794,0.2,HIGH,LOW
SAWAI MADHOPUR(DISTRICT COLLECTOR SAWAI MADHOPUR_IDA),4,0,0,0,0.0,4100000.0,0.0,0.0,1,1,0.0,0.0,0.0,0.0,0.0,0.0,0.0,LOW,LOW
SEHORE(DISTRICT COLLECTOR SEHORE_IDA),62,15,0,0,26988274.0,49210134.0,0.0,0.0,1,4,0.24193548387096775,0.0,0.0,0.0,0.0,0.0,0.0,HIGH,LOW
SENAPATI(Deputy Commissioner Senapati_IDA),1,0,0,0,0.0,0.0,0.0,0.0,1,1,0.0,0.0,0.0,0.0,0.0,0.0,0.0,LOW,LOW
SEONI(District Collector Seoni_IDA),106,40,0,0,55520535.0,72924504.0,0.33490566037735847,18.8,1,4,0.37735849056603776,0.0,0.0,0.0,0.0,0.33490566037735847,0.1,HIGH,LOW
SERCHHIP(Deputy Commissioner Serchhip),18,6,0,0,4640000.0,7640000.0,0.0,0.0,1,1,0.3333333333333333,0.0,0.0,0.0,0.0,0.0,0.0,HIGH,LOW
SHAHDOL(District Collector Shahdol_IDA),117,61,0,0,93364551.0,116303465.0,0.0,0.0,1,3,0.5213675213675214,0.0,0.0,0.0,0.0,0.0,0.0,HIGH,LOW
SHAHJAHANPUR(DISTRICT MAGISTRAE SHAHJAHANAPUR_IDA),310,293,0,0,449181160.0,479282360.0,0.0,0.0,5,3,0.9451612903225807,0.0,0.0,0.0,0.0,0.0,0.0,HIGH,LOW
SHAJAPUR(District Collector Shajapur_IDA),72,11,0,0,19468416.0,42450064.0,0.0,0.0,2,4,0.1527777777777778,0.0,0.0,0.0,0.0,0.0,0.0,HIGH,LOW
SHAMLI(DISTRICT MAGISTRATE SHAMLI_IDA),57,23,1,0,28027475.0,48668637.0,1.0017543859649123,57.1,1,2,0.40350877192982454,0.017543859649122806,0.0,1.7543859649122806,0.0,1.0017543859649123,1.0,HIGH,LOW
SHEIKHPURA(DISTRICT PLANNING OFFICER SHEIKHPURA_IDA),138,16,0,0,34212100.0,88796309.0,0.0,0.0,1,3,0.11594202898550725,0.0,0.0,0.0,0.0,0.0,0.0,HIGH,LOW
SHEOHAR(DISTRICT PLANNING OFFICER SEOHAR_IDA),31,12,0,0,11979208.0,28938176.0,0.0,0.0,1,1,0.3870967741935484,0.0,0.0,0.0,0.0,0.0,0.0,HIGH,LOW
SHEOPUR(District Collector Sheopur_IDA),57,28,1,0,20040158.0,29472294.0,1.0017543859649123,57.1,1,2,0.49122807017543857,0.017543859649122806,0.0,1.7543859649122806,0.0,1.0017543859649123,1.0,HIGH,LOW
SHIMLA(DEPUTY COMMISSIONER SHIMLA_IDA),430,70,9,0,78784813.0,99518000.0,1.2388372093023257,57.1,1,4,0.16279069767441862,0.020930232558139535,0.0,2.0930232558139537,0.0,1.2388372093023257,1.2,HIGH,LOW
SHIVAMOGGA(DEPUTY COMMISSIONER SHIMOGA_IDA),232,45,0,0,64252561.0,147532943.0,0.0,0.0,1,3,0.1939655172413793,0.0,0.0,0.0,0.0,0.0,0.0,HIGH,LOW
SHIVPURI(District Collector Shivpuri_IDA),80,27,0,0,31059792.0,56141072.0,0.0,0.0,1,3,0.3375,0.0,0.0,0.0,0.0,0.0,0.0,HIGH,LOW
SHOPIAN(Deputy Commissioner Shopian_IDA),10,7,0,0,2617600.0,6646600.0,0.0,0.0,1,2,0.7,0.0,0.0,0.0,0.0,0.0,0.0,HIGH,LOW
SIANG(Deputy Commisioner Siang_IDA),14,11,0,0,7199972.0,9300000.0,0.0,0.0,1,2,0.7857142857142857,0.0,0.0,0.0,0.0,0.0,0.0,HIGH,LOW
SIDDIPET(District Collector Siddipet_IDA),267,126,8,0,52366145.0,128403282.0,1.7108614232209738,57.1,3,6,0.47191011235955055,0.0299625468164794,0.0,2.9962546816479403,0.0,1.7108614232209738,1.7,HIGH,LOW
SIDHI(DISTRICT COLLECTOR SIDHI_IDA),279,102,0,0,71366172.0,120349023.0,0.0,0.0,1,2,0.3655913978494624,0.0,0.0,0.0,0.0,0.0,0.0,HIGH,LOW
SIKAR(DISTRICT COLLECTOR SIKAR_IDA),220,70,11,0,79273402.0,144978413.0,2.6963636363636367,57.1,1,3,0.3181818181818182,0.05,0.0,5.0,0.0,2.6963636363636367,2.8,HIGH,LOW
SIMDEGA(Deputy Commissioner simdega_IDA),51,18,0,0,20600000.0,22200000.0,0.0,0.0,1,1,0.35294117647058826,0.0,0.0,0.0,0.0,0.0,0.0,HIGH,LOW
SINDHUDURG(DISTRICT COLLECTOR SINDHUDURG_IDA),58,19,4,0,15486291.0,59624150.0,3.9379310344827587,57.1,1,2,0.3275862068965517,0.06896551724137931,0.0,6.896551724137931,0.0,3.9379310344827587,3.9,HIGH,LOW
SINGRAULI(District Collector Singrauli_IDA),29,18,0,0,43017957.0,49126300.0,0.0,0.0,1,1,0.6206896551724138,0.0,0.0,0.0,0.0,0.0,0.0,HIGH,LOW
SIRMAUR(DEPUTY COMMISSIONER SIRMOUR_IDA),232,54,0,0,54828257.21,62262139.21,0.0,0.0,1,2,0.23275862068965517,0.0,0.0,0.0,0.0,0.0,0.0,HIGH,LOW
SIROHI(DISTRICT COLLECTOR SIROHI_IDA),92,45,0,0,19578709.0,36447519.0,0.0,0.0,1,1,0.4891304347826087,0.0,0.0,0.0,0.0,0.0,0.0,HIGH,LOW
SIRSA(DEPUTY COMMISSIONER SIRSA_IDA),200,39,2,0,17876785.0,62017433.0,0.5710000000000001,57.1,2,2,0.195,0.01,0.0,1.0,0.0,0.5710000000000001,0.6,HIGH,LOW
SITAMARHI(DISTRICT PLANNING OFFICER SITAMARHI_IDA),218,107,1,0,48163828.5,111317258.0,0.42477064220183486,57.1,1,3,0.4908256880733945,0.0045871559633027525,0.0,0.45871559633027525,0.0,0.42477064220183486,0.3,HIGH,LOW
SITAPUR(DISTRICT MAGISTRATE SITAPUR_IDA),150,73,0,0,210667840.0,285904819.33,0.0,0.0,1,5,0.4866666666666667,0.0,0.0,0.0,0.0,0.0,0.0,HIGH,LOW
SIVAGANGA(DISTRICT COLLECTOR SIVAGANGA_IDA),224,141,0,0,160301788.0,220869206.0,0.0,0.0,1,2,0.6294642857142857,0.0,0.0,0.0,0.0,0.0,0.0,HIGH,LOW
SIVASAGAR(Deputy Commissioner Sivsagar_IDA),267,3,0,0,11697916.0,93496628.0,0.0,0.0,1,2,0.011235955056179775,0.0,0.0,0.0,0.0,0.0,0.0,HIGH,LOW
SIWAN(DISTRICT PLANNING OFFICER SIWAN_IDA),206,101,0,0,143231791.0,172132454.0,0.0,0.0,1,3,0.49029126213592233,0.0,0.0,0.0,0.0,0.0,0.0,HIGH,LOW
SOLAN(DEPUTY COMMISSIONER SOLAN_IDA),120,24,2,0,29054934.21,38804934.21,0.9516666666666667,57.1,1,2,0.2,0.016666666666666666,0.0,1.6666666666666667,0.0,0.9516666666666667,1.0,HIGH,LOW
SOLAPUR(DISTRICT COLLECTOR SOLAPUR_IDA),327,48,0,0,23156244.0,198499790.0,0.0,0.0,1,4,0.14678899082568808,0.0,0.0,0.0,0.0,0.0,0.0,HIGH,LOW
SONBHADRA(DISTRICT MAGISTRATE SONBHADRA_IDA),670,404,1,0,243852178.2,273519026.2,0.08522388059701493,57.1,1,2,0.6029850746268657,0.0014925373134328358,0.0,0.1492537313432836,0.0,0.08522388059701493,0.1,HIGH,LOW
SONIPAT(DEPUTY COMMISSIONER SONEPAT_IDA),106,2,2,0,14188114.0,63767108.0,1.0773584905660378,57.1,2,2,0.018867924528301886,0.018867924528301886,0.0,1.8867924528301887,0.0,1.0773584905660378,1.1,HIGH,LOW
"SONITPUR(Deputy Commissioner Sonitpur, Tezpur)",62,9,3,0,25798454.0,52967316.0,2.2,57.1,1,2,0.14516129032258066,0.04838709677419355,0.0,4.838709677419355,0.0,2.2,2.6,HIGH,LOW
SOUTH ANDAMANS(Implementing District Authority(SA)),18,0,0,0,11664827.0,43339126.0,0.0,0.0,1,1,0.0,0.0,0.0,0.0,0.0,0.0,0.0,HIGH,LOW
SOUTH GARO HILLS(DEPUTY COMMISSIONER BAGHMARA_IDA),21,6,0,0,4100000.0,7600000.0,0.0,0.0,1,1,0.2857142857142857,0.0,0.0,0.0,0.0,0.0,0.0,HIGH,LOW
SOUTH GOA(DISTRICT COLLECTOR SOUTH GOA_IDA),139,55,1,0,68051924.99,141071702.99,0.41079136690647483,57.1,1,2,0.39568345323741005,0.007194244604316547,0.0,0.7194244604316548,0.0,0.41079136690647483,0.4,HIGH,LOW
SOUTH SALMARA MANCACHAR(Deputy Commissioner South Salmara Mankachar_IDA),11,1,3,0,2343675.0,7200000.0,15.572727272727274,57.1,1,1,0.09090909090909091,0.2727272727272727,0.0,27.27272727272727,0.0,15.572727272727274,15.6,HIGH,LOW
SOUTH WEST GARO HILLS(DEPUTY COMMISSIONER SOUTH WEST GARO HILLS AMPATI_IDA),43,5,0,0,4350000.0,12300000.0,0.0,0.0,1,1,0.11627906976744186,0.0,0.0,0.0,0.0,0.0,0.0,HIGH,LOW
SOUTH WEST KHASI HILLS(DEPUTY COMMISSIONER SOUTH WEST KHASI HILLS MAWKRYWAT_IDA),12,8,0,0,3025000.0,3350000.0,0.0,0.0,1,1,0.6666666666666666,0.0,0.0,0.0,0.0,0.0,0.0,HIGH,LOW
SOUTH WEST(COMMISSIONER MCD SOUTH WEST),47,22,0,0,9378657.0,51555880.0,0.0,0.0,1,2,0.46808510638297873,0.0,0.0,0.0,0.0,0.0,0.0,HIGH,LOW
SOUTH(COMMISSIONER SOUTH),227,78,6,0,64704542.0,234524722.0,1.509251101321586,57.1,2,4,0.3436123348017621,0.02643171806167401,0.0,2.643171806167401,0.0,1.509251101321586,1.5,HIGH,LOW
SRI MUKTSAR SAHIB(DEPUTY COMMISSIONER SRI MUKTSAR SAHIB_IDA),157,72,8,0,28262080.0,42476824.0,3.029299363057325,57.1,1,4,0.4585987261146497,0.050955414012738856,0.0,5.095541401273886,0.0,3.029299363057325,2.9,HIGH,LOW
SRIKAKULAM(District Collector Srikakulam_IDA),245,65,6,0,56518570.0,152308975.0,1.3983673469387756,57.1,2,4,0.2653061224489796,0.024489795918367346,0.0,2.4489795918367347,0.0,1.3983673469387756,1.4,HIGH,LOW
SRINAGAR(DEPUTY COMMISSIONER SRINAGAR_IDA),87,33,8,0,10027384.0,41196400.6,4.849425287356322,57.1,1,2,0.3793103448275862,0.09195402298850575,0.0,9.195402298850574,0.0,4.849425287356322,5.1,HIGH,LOW
SUKMA(Collector Sukma_IDA),21,3,0,0,8098129.0,13342910.0,0.0,0.0,1,1,0.14285714285714285,0.0,0.0,0.0,0.0,0.0,0.0,HIGH,LOW
SULTANPUR(DISTRICT MAGISTRATE SULTANPUR_IDA),73,9,0,0,99714438.0,169906753.57,0.0,0.0,3,3,0.1232876712328767,0.0,0.0,0.0,0.0,0.0,0.0,HIGH,LOW
SUPAUL(DISTRICT PLANNING OFFICER SUPAUL_IDA),179,92,1,0,126498077.0,170374633.0,0.31899441340782125,57.1,1,2,0.5139664804469274,0.00558659217877095,0.0,0.5586592178770949,0.0,0.31899441340782125,0.3,HIGH,LOW
SURAJPUR(DISTRICT COLLECTOR Surajpur_IDA),120,3,0,0,20124221.0,33980828.0,0.0,0.0,1,2,0.025,0.0,0.0,0.0,0.0,0.0,0.0,HIGH,LOW
SURAT(DISTRICT COLLECTOR SURAT_IDA),462,153,62,0,61713733.0,221425462.0,7.662770562770564,57.1,1,4,0.33116883116883117,0.1341991341991342,0.0,13.41991341991342,0.0,7.662770562770564,7.7,HIGH,LOW
SURENDRANAGAR(DISTRICT COLLECTOR SURENDRANAGAR_IDA),124,58,2,0,39681095.0,64025809.0,0.9209677419354839,57.1,1,2,0.46774193548387094,0.016129032258064516,0.0,1.6129032258064515,0.0,0.9209677419354839,0.9,HIGH,LOW
SURGUJA(Collector Surguja_IDA),223,76,1,0,54364056.0,75555801.0,0.25605381165919283,57.1,1,2,0.34080717488789236,0.004484304932735426,0.0,0.4484304932735426,0.0,0.25605381165919283,0.3,HIGH,LOW
SURYAPET(DISTRICT COLLECTOR SURYAPET),71,44,0,0,14957945.0,27257461.0,0.0,0.0,1,3,0.6197183098591549,0.0,0.0,0.0,0.0,0.0,0.0,HIGH,LOW
Salumbar(DISTRICT COLLECTOR Salumbar_IDA),53,6,0,0,10771186.0,18941759.0,0.0,0.0,1,2,0.11320754716981132,0.0,0.0,0.0,0.0,0.0,0.0,HIGH,LOW
Sanchor(DISTRICT COLLECTOR Sanchor_IDA),11,8,0,0,7093430.0,7498643.0,0.0,0.0,1,1,0.7272727272727273,0.0,0.0,0.0,0.0,0.0,0.0,HIGH,LOW
Sant Kabir Nagar(DISTRICT MAGISTRATE SANT KABIR NAGAR_2),366,7,0,0,34861508.12,104876766.0,0.0,0.0,1,2,0.01912568306010929,0.0,0.0,0.0,0.0,0.0,0.0,HIGH,LOW
Sarangarh-Bilaigarh(Collector SB_IDA),57,32,0,0,32981633.0,48173817.0,0.0,0.0,1,4,0.5614035087719298,0.0,0.0,0.0,0.0,0.0,0.0,HIGH,LOW
Sepahijala(DISTRICT MAGISTRATE and COLLECTOR SIPAHIJALA_IDA),7,2,0,0,28343358.0,40774142.0,0.0,0.0,1,2,0.2857142857142857,0.0,0.0,0.0,0.0,0.0,0.0,MEDIUM,LOW
Shahid Bhagat Singh Nagar(Deputy Commissioner Shahid Bhagat Singh Nagar_ida),119,31,7,0,19462578.0,46268491.0,3.065546218487395,57.1,2,3,0.2605042016806723,0.058823529411764705,0.0,5.88235294117647,0.0,3.065546218487395,3.3,HIGH,LOW
Shahpura(DISTRICT COLLECTOR Shahpura_IDA),76,38,13,0,23663568.0,35342131.0,9.767105263157896,57.1,1,2,0.5,0.17105263157894737,0.0,17.105263157894736,0.0,9.767105263157896,9.8,HIGH,LOW
Shamator(Deputy Commissioner Shamator_IDA),1,0,0,0,10500000.0,10500000.0,0.0,0.0,1,1,0.0,0.0,0.0,0.0,0.0,0.0,0.0,LOW,LOW
Shrawasti(DISTRICT MAGISTRATE SHRAVASTI_IDA),660,0,0,0,14754674.0,46492410.0,0.0,0.0,1,1,0.0,0.0,0.0,0.0,0.0,0.0,0.0,HIGH,LOW
"Siaha(Deputy Commissioner, Siaha)",21,19,0,0,6712500.0,7200000.0,0.0,0.0,1,1,0.9047619047619048,0.0,0.0,0.0,0.0,0.0,0.0,HIGH,LOW
Siddharthnagar(DISTRICT MAGISTRATE SIDDHARTH NAGAR_IDA),219,108,1,0,122503964.0,270512655.0,0.26073059360730594,57.1,1,2,0.4931506849315068,0.0045662100456621,0.0,0.45662100456621,0.0,0.26073059360730594,0.3,HIGH,LOW
Soreng(DISTRICT COLLECTOR SORENG_IDA),12,10,0,0,14545914.0,14945362.0,0.0,0.0,1,2,0.8333333333333334,0.0,0.0,0.0,0.0,0.0,0.0,HIGH,LOW
South 24 Parganas(DISTRICT MAGISTRATE SOUTH TWENTY FOUR PARGANAS_IDA),875,560,59,0,222955957.0,325116707.0,3.8501714285714286,57.1,1,5,0.64,0.06742857142857143,0.0,6.742857142857144,0.0,3.8501714285714286,3.9,HIGH,LOW
South East(COMMISSIONER MCD SOUTH EAST_IDA),35,1,1,0,4143453.0,43273102.0,1.6314285714285715,57.1,2,3,0.02857142857142857,0.02857142857142857,0.0,2.857142857142857,0.0,1.6314285714285715,1.6,HIGH,LOW
South Tripura(DISTRICT MAGISTRATE and COLLECTOR SOUTH TRIPURA DISTRICT_IDA),14,0,0,0,1470141.0,29675498.0,0.0,0.0,1,3,0.0,0.0,0.0,0.0,0.0,0.0,0.0,HIGH,LOW
Sri Potti Sriramulu Nellore(DISTRICT COLLECTOR NELLORE_IDA),280,156,3,0,102026746.0,207547923.0,0.7460714285714286,57.1,1,5,0.5571428571428572,0.010714285714285714,0.0,1.0714285714285714,0.0,0.7460714285714286,0.7,HIGH,LOW
Sri Sathya Sai(DISTRICT COLLECTOR SRI SATHYA SAI_IDA),107,62,15,0,48014892.0,90093841.0,8.180373831775702,57.1,1,5,0.5794392523364486,0.14018691588785046,0.0,14.018691588785046,0.0,8.180373831775702,8.1,HIGH,LOW
"Sribhumi(Deputy Commissioner , Karimganj)",91,0,0,0,66488500.0,134040506.0,0.0,0.0,1,2,0.0,0.0,0.0,0.0,0.0,0.0,0.0,HIGH,LOW
Subarnapur(District Collector Subarnapur_IDA),70,1,1,0,1472980.0,26200000.0,0.8157142857142857,57.1,1,2,0.014285714285714285,0.014285714285714285,0.0,1.4285714285714286,0.0,0.8157142857142857,0.8,HIGH,LOW
Sundaragada(DISTRICT COLLECTOR SUNDARGARH_IDA),247,108,32,0,77544794.0,145278256.0,7.397570850202429,57.1,1,2,0.43724696356275305,0.12955465587044535,0.0,12.955465587044534,0.0,7.397570850202429,7.4,HIGH,LOW
TAMENGLONG(Deputy Commissioner Tamenglong_ida),1,0,0,0,0.0,3000000.0,0.0,0.0,1,1,0.0,0.0,0.0,0.0,0.0,0.0,0.0,LOW,LOW
TAMULPUR(IDA Tamulpur),55,0,0,0,2915947.0,18400000.0,0.0,0.0,1,2,0.0,0.0,0.0,0.0,0.0,0.0,0.0,HIGH,LOW
TAPI(District collector Tapi_IDA),108,3,1,0,439500.0,30927500.0,0.5287037037037037,57.1,1,2,0.027777777777777776,0.009259259259259259,0.0,0.9259259259259258,0.0,0.5287037037037037,0.5,HIGH,LOW
TAWANG(Deputy Commisioner Tawang_IDA),3,2,0,0,2977491.0,4500000.0,0.0,0.0,1,1,0.6666666666666666,0.0,0.0,0.0,0.0,0.0,0.0,LOW,LOW
TEHRI GARHWAL(DISTRICT MAGISTRATE TEHRI GARHWAL_IDA),97,6,2,0,28103743.0,55752327.0,1.177319587628866,57.1,1,3,0.061855670103092786,0.020618556701030927,0.0,2.0618556701030926,0.0,1.177319587628866,1.2,HIGH,LOW
TENGNOUPAL(Deputy Commissioner Tengnoupal MPLADS_ida),1,0,0,0,900000.0,1500000.0,0.0,0.0,1,1,0.0,0.0,0.0,0.0,0.0,0.0,0.0,LOW,LOW
TENKASI(DISTRICT COLLECTOR TENKASI_IDA),138,105,0,0,151012443.0,184519150.0,0.0,0.0,1,4,0.7608695652173914,0.0,0.0,0.0,0.0,0.0,0.0,HIGH,LOW
THANE(DISTRICT COLLECTOR THANE_IDA),162,11,0,0,68826788.0,153419506.0,0.0,0.0,2,4,0.06790123456790123,0.0,0.0,0.0,0.0,0.0,0.0,HIGH,LOW
THANJAVUR(DISTRICT COLLECTOR THANJAVUR_IDA),137,60,5,0,130745127.0,221722473.0,1.8291970802919708,57.1,1,3,0.43795620437956206,0.0364963503649635,0.0,3.64963503649635,0.0,1.8291970802919708,2.0,HIGH,LOW
THE NILGIRIS(DISTRICT COLLECTOR NILGIRIS_IDA),59,42,0,0,29738030.0,38016711.0,0.0,0.0,1,1,0.711864406779661,0.0,0.0,0.0,0.0,0.0,0.0,HIGH,LOW
THENI(District Collector Theni_5),81,26,0,0,59529415.0,112656506.0,0.0,0.0,1,2,0.32098765432098764,0.0,0.0,0.0,0.0,0.0,0.0,HIGH,LOW
THIRUVALLUR(DISTRICT COLLECTOR TIRUVALLUR_IDA),253,100,21,0,113185717.0,161237416.0,4.739525691699606,57.1,1,4,0.3952569169960474,0.08300395256916997,0.0,8.300395256916996,0.0,4.739525691699606,4.7,HIGH,LOW
THIRUVANANTHAPURAM(DISTRICT COLLECTOR THIRUVANANTHAPURAM_IDA),682,174,49,0,127730472.0,338666940.0,4.102492668621701,57.1,1,4,0.25513196480938416,0.0718475073313783,0.0,7.184750733137831,0.0,4.102492668621701,4.1,HIGH,LOW
THIRUVARUR(DISTRICT COLLECTOR THIRUVARUR_IDA),90,45,0,0,41717394.0,114779376.0,0.0,0.0,1,3,0.5,0.0,0.0,0.0,0.0,0.0,0.0,HIGH,LOW
THOUBAL(Deputy Commissioner Thoubal MPLADS_ida),6,3,0,0,14450000.0,19950000.0,0.0,0.0,1,3,0.5,0.0,0.0,0.0,0.0,0.0,0.0,MEDIUM,LOW
THRISSUR(DISTRICT COLLECTOR THRISSUR_IDA),258,43,13,0,54338563.0,267558140.0,2.8771317829457366,57.1,1,5,0.16666666666666666,0.050387596899224806,0.0,5.038759689922481,0.0,2.8771317829457366,2.9,HIGH,LOW
TIKAMGARH(DISTRICT COLLECTOR TIKAMGARH_IDA),173,2,5,0,19400179.0,59117011.0,1.6502890173410405,57.1,1,1,0.011560693641618497,0.028901734104046242,0.0,2.8901734104046244,0.0,1.6502890173410405,1.7,HIGH,LOW
TINSUKIA(DC Tinsukia),73,4,3,0,20853938.0,63040860.0,2.3465753424657536,57.1,1,4,0.0547945205479452,0.0410958904109589,0.0,4.10958904109589,0.0,2.3465753424657536,2.3,HIGH,LOW
TIRAP(DEPUTY COMMISSIONER TIRAP_IDA),6,4,0,0,4000000.0,4000000.0,0.0,0.0,1,1,0.6666666666666666,0.0,0.0,0.0,0.0,0.0,0.0,MEDIUM,LOW
TIRUCHIRAPPALLI(DISTRICT COLLECTOR TIRUCHIRAPPALLI_IDA),128,51,0,0,95643702.0,183014575.0,0.0,0.0,1,4,0.3984375,0.0,0.0,0.0,0.0,0.0,0.0,HIGH,LOW
TIRUNELVELI(DISTRICT COLLECTOR TIRUNELVELI_IDA),134,61,0,0,55402977.0,120607103.0,0.0,0.0,1,2,0.4552238805970149,0.0,0.0,0.0,0.0,0.0,0.0,HIGH,LOW
TIRUPPUR(DISTRICT COLLECTOR TIRUPPUR_IDA),174,89,0,0,99840933.0,160009370.0,0.0,0.0,1,7,0.5114942528735632,0.0,0.0,0.0,0.0,0.0,0.0,HIGH,LOW
TIRUVANNAMALAI(DISTRICT COLLECTOR TIRUVANNAMALAI_IDA),403,263,3,0,182715038.0,233485637.0,0.42506203473945414,57.1,2,3,0.652605459057072,0.007444168734491315,0.0,0.7444168734491315,0.0,0.42506203473945414,0.4,HIGH,LOW
TONK(DISTRICT COLLECTOR TONK_IDA),12,1,0,0,5587863.0,14383000.0,1.5666666666666667,18.8,1,3,0.08333333333333333,0.0,0.0,0.0,0.0,1.5666666666666667,0.5,HIGH,LOW
TUENSANG(Deputy Commissioner Tuensang_IDA),3,3,0,0,4500000.0,4500000.0,0.0,0.0,1,1,1.0,0.0,0.0,0.0,0.0,0.0,0.0,LOW,LOW
TUMAKURU(DEPUTY COMMISSIONER TUMKUR_IDA),218,54,0,0,70140411.0,159095000.0,0.0,0.0,2,6,0.24770642201834864,0.0,0.0,0.0,0.0,0.0,0.0,HIGH,LOW
Tarn Taran(DEPUTY COMMOSSIONER TARN TARAN_IDA_2),8,6,0,0,4041400.0,4041400.0,0.0,0.0,1,1,0.75,0.0,0.0,0.0,0.0,0.0,0.0,MEDIUM,LOW
Thoothukkudi(DISTRICT COLLECTOR THOOTHUKUDI_IDA),57,14,0,0,63336486.0,138373815.0,0.0,0.0,1,2,0.24561403508771928,0.0,0.0,0.0,0.0,0.0,0.0,HIGH,LOW
Tirupathur(District Collector Tirupathur_IDA),106,69,0,0,50841344.0,76705631.0,0.0,0.0,1,2,0.6509433962264151,0.0,0.0,0.0,0.0,0.0,0.0,HIGH,LOW
Tirupati(DISTRICT COLLECTOR TIRUPATI_IDA),284,116,54,0,63072995.0,120593013.0,10.98943661971831,57.1,1,4,0.4084507042253521,0.19014084507042253,0.0,19.014084507042252,0.0,10.98943661971831,10.9,HIGH,LOW
Tseminyu(Deputy Commissioner Tseminyu_IDA),2,2,0,0,1500000.0,1500000.0,0.0,0.0,1,1,1.0,0.0,0.0,0.0,0.0,0.0,0.0,LOW,LOW
UDAIPUR(DISTRICT COLLECTOR UDAIPUR_IDA),125,10,1,0,22536336.0,68998338.0,0.4568,57.1,1,3,0.08,0.008,0.0,0.8,0.0,0.4568,0.5,HIGH,LOW
UDALGURI(DEPUTY COMMISSIONER Udalguri_IDA),131,6,0,0,24218285.0,43300000.0,0.0,0.0,1,3,0.04580152671755725,0.0,0.0,0.0,0.0,0.0,0.0,HIGH,LOW
UDHAMPUR(Deputy Commissioner Udhampur_IDA),64,30,4,0,7795098.0,26600123.0,3.56875,57.1,1,3,0.46875,0.0625,0.0,6.25,0.0,3.56875,3.6,HIGH,LOW
UDUPI(DEPUTY COMMISSIONER UDUPI_IDA),226,45,6,0,35039508.0,99339391.0,1.515929203539823,57.1,1,4,0.19911504424778761,0.02654867256637168,0.0,2.6548672566371683,0.0,1.515929203539823,1.5,HIGH,LOW
UJJAIN(DISTRICT COLLECTOR UJJAIN_IDA),333,183,1,0,123044779.0,191110900.0,0.1714714714714715,57.1,1,2,0.5495495495495496,0.003003003003003003,0.0,0.3003003003003003,0.0,0.1714714714714715,0.2,HIGH,LOW
UKHRUL(Deputy Commissioner Ukhrul_ida),11,0,0,0,34400000.0,44500000.0,0.0,0.0,2,2,0.0,0.0,0.0,0.0,0.0,0.0,0.0,HIGH,LOW
UMARIA(District Collector Umariya_IDA),36,0,0,0,7467344.0,17806502.0,0.0,0.0,1,1,0.0,0.0,0.0,0.0,0.0,0.0,0.0,HIGH,LOW
UNA(DEPUTY COMMISSIOENR UNA_IDA),61,20,4,0,14071917.0,23460467.0,3.7442622950819673,57.1,2,3,0.32786885245901637,0.06557377049180328,0.0,6.557377049180328,0.0,3.7442622950819673,3.7,HIGH,LOW
UNNAO(DISTRICT MAGIISTRATE UNNAO_IDA),170,17,0,0,115797963.0,181106274.0,0.0,0.0,1,2,0.1,0.0,0.0,0.0,0.0,0.0,0.0,HIGH,LOW
"UPPER SIANG(DISTRICT PLANNING OFFICER,YINGKIONG)",4,1,0,0,3900000.0,3900000.0,0.0,0.0,1,1,0.25,0.0,0.0,0.0,0.0,0.0,0.0,LOW,LOW
UPPER SUBANSIRI(Deputy Commisioner Upper Subansiri_IDA),13,13,0,0,10100000.0,10100000.0,0.0,0.0,1,1,1.0,0.0,0.0,0.0,0.0,0.0,0.0,HIGH,LOW
UTTARA KANNADA(DEPUTY COMMISSIONER UTTARKANNADA KARWAR_IDA),122,30,0,0,31700000.0,83825000.0,0.0,0.0,1,2,0.2459016393442623,0.0,0.0,0.0,0.0,0.0,0.0,HIGH,LOW
Udham Singh Nagar(DISTRICT MAGISTRATE UDHAMSINGH NAGAR_IDA),155,46,0,0,21856046.0,52251631.0,0.0,0.0,1,2,0.2967741935483871,0.0,0.0,0.0,0.0,0.0,0.0,HIGH,LOW
Unakoti(DISTRICT MAGISTRATE and COLLECTOR UNOKOTI_IDA),4,0,0,0,2189572.0,5062999.0,0.0,0.0,1,1,0.0,0.0,0.0,0.0,0.0,0.0,0.0,LOW,LOW
Uttar Bastar Kanker(DISTRICT COLLECTOR KANKER_IDA),52,16,0,0,51783607.0,68310742.0,0.0,0.0,1,2,0.3076923076923077,0.0,0.0,0.0,0.0,0.0,0.0,HIGH,LOW
Uttar Dinajpur(DISTRICT MAGISTRATE UTTAR DINAJPUR_IDA),407,99,32,0,28148611.0,164343143.0,4.489434889434889,57.1,1,2,0.24324324324324326,0.07862407862407862,0.0,7.862407862407863,0.0,4.489434889434889,4.5,HIGH,LOW
Uttarkashi(DISTRICT COLLECTOR UTTARKASHI_IDA),78,30,0,0,23107413.0,57762217.0,0.0,0.0,1,2,0.38461538461538464,0.0,0.0,0.0,0.0,0.0,0.0,HIGH,LOW
VADODARA(DISTRICT COLLECTOR VADODARA_IDA),361,130,16,0,92637904.0,162202430.0,2.530747922437673,57.1,1,5,0.3601108033240997,0.0443213296398892,0.0,4.43213296398892,0.0,2.530747922437673,2.5,HIGH,LOW
VAISHALI(DISTRICT PLANNING OFFICER VAISHALI_IDA),188,47,1,0,54006804.0,211475797.0,0.30372340425531913,57.1,1,4,0.25,0.005319148936170213,0.0,0.5319148936170213,0.0,0.30372340425531913,0.3,HIGH,LOW
VALSAD(DISTRICT COLLECTOR VALSAD_IDA),154,54,50,0,29659491.0,80882668.0,18.66103896103896,57.1,2,3,0.35064935064935066,0.3246753246753247,0.0,32.467532467532465,0.0,18.66103896103896,18.6,HIGH,LOW
VARANASI(DISTRICT MAGISTRAE VARANASI_IDA),469,439,0,0,137021815.4,158631518.4,0.040085287846481875,18.8,3,5,0.9360341151385928,0.0,0.0,0.0,0.0,0.040085287846481875,0.0,HIGH,LOW
VELLORE(DISTRICT COLLECTOR VELLORE_IDA),51,11,10,0,21913707.0,70114000.0,11.196078431372548,57.1,1,2,0.21568627450980393,0.19607843137254902,0.0,19.607843137254903,0.0,11.196078431372548,11.2,HIGH,LOW
VIDISHA(District Collector Vidisha_IDA),109,26,0,0,36704469.0,68092319.0,0.0,0.0,2,3,0.23853211009174313,0.0,0.0,0.0,0.0,0.0,0.0,HIGH,LOW
VIJAYAPURA(DEPUTY COMMISSIONER BIJAPUR_IDA),363,0,12,0,91833067.0,228051000.0,1.887603305785124,57.1,1,3,0.0,0.03305785123966942,0.0,3.3057851239669422,0.0,1.887603305785124,1.9,HIGH,LOW
VIKARABAD(DISTRICT COLLECTOR VIKARABAD_2),352,122,59,0,33184651.0,79632452.0,9.570738636363636,57.1,2,3,0.3465909090909091,0.16761363636363635,0.0,16.761363636363637,0.0,9.570738636363636,9.6,HIGH,LOW
VIRUDHUNAGAR(DISTRICT COLLECTOR VIRUDHUNAGAR_IDA),160,83,0,0,104636028.0,145887429.0,0.0,0.0,1,4,0.51875,0.0,0.0,0.0,0.0,0.0,0.0,HIGH,LOW
VIZIANAGARAM(DISTRICT COLLECTOR VIZIANAGARAM_IDA),111,31,11,0,28586826.0,81409494.0,5.658558558558559,57.1,1,4,0.27927927927927926,0.0990990990990991,0.0,9.90990990990991,0.0,5.658558558558559,5.7,HIGH,LOW
Vav-Tharad(DISTRICT COLLECTOR VAV-THARAD),43,0,0,0,499807.0,25750000.0,0.0,0.0,1,2,0.0,0.0,0.0,0.0,0.0,0.0,0.0,HIGH,LOW
Vijayanagara(DEPUTY COMMISSIONER VIJAYANAGARA_IDA),55,5,1,0,36980481.0,153900000.0,2.0636363636363635,57.1,1,5,0.09090909090909091,0.01818181818181818,0.0,1.8181818181818181,0.0,2.0636363636363635,1.3,HIGH,LOW
Viluppuram(DISTRICT COLLECTOR VILLUPURAM_IDA),319,232,3,0,125927173.0,183910265.0,0.5369905956112853,57.1,1,3,0.7272727272727273,0.009404388714733543,0.0,0.9404388714733543,0.0,0.5369905956112853,0.5,HIGH,LOW
Visakhapatnam(DISTRICT COLLECTOR VISAKHAPATNAM_IDA),59,3,0,0,42992020.0,117217410.0,0.0,0.0,1,3,0.05084745762711865,0.0,0.0,0.0,0.0,0.0,0.0,HIGH,LOW
WANAPARTHY(DISTRICT COLLECTOR WANAPARTHY_IDA),82,34,17,0,25249854.0,43639614.0,11.83780487804878,57.1,1,3,0.4146341463414634,0.2073170731707317,0.0,20.73170731707317,0.0,11.83780487804878,11.8,HIGH,LOW
WARANGAL(District Collector Warangal_IDA),202,156,0,0,28577802.0,45409340.0,0.46534653465346537,18.8,1,3,0.7722772277227723,0.0,0.0,0.0,0.0,0.46534653465346537,0.1,HIGH,LOW
WARDHA(DISTRICT COLLECTOR WARDHA_IDA),104,32,1,0,36459905.0,63849342.0,0.5490384615384616,57.1,1,2,0.3076923076923077,0.009615384615384616,0.0,0.9615384615384616,0.0,0.5490384615384616,0.5,HIGH,LOW
WASHIM(DISTRICT COLLECTOR WASHIM_IDA),35,2,1,0,23219567.0,50897000.0,2.1085714285714285,57.1,1,4,0.05714285714285714,0.02857142857142857,0.0,2.857142857142857,0.0,2.1085714285714285,1.8,HIGH,LOW
WAYANAD(DISTRICT COLLECTOR WAYANAD_IDA),82,9,0,0,39786424.0,101882596.0,0.0,0.0,2,3,0.10975609756097561,0.0,0.0,0.0,0.0,0.0,0.0,HIGH,LOW
WEST GARO HILLS(DEPUTY COMMISSIONER WEST GARO HILLS_IDA),127,90,0,0,52970000.0,60220000.0,0.0,0.0,2,2,0.7086614173228346,0.0,0.0,0.0,0.0,0.0,0.0,HIGH,LOW
WEST GODAVARI(DISTRICT COLLECTOR WEST GODAVARI_IDA),23,1,5,0,6548604.0,58080000.0,12.41304347826087,57.1,1,4,0.043478260869565216,0.21739130434782608,0.0,21.73913043478261,0.0,12.41304347826087,12.4,HIGH,LOW
WEST JAINTIA HILLS(DEPUTY COMMISSIONER WEST JAINTIA HILLS JOWAI_IDA),40,16,0,0,11744000.0,17894000.0,0.0,0.0,1,1,0.4,0.0,0.0,0.0,0.0,0.0,0.0,HIGH,LOW
WEST KAMENG(Deputy Commisioner West Kameng_IDA),18,9,0,0,13082720.0,13082961.0,0.0,0.0,1,1,0.5,0.0,0.0,0.0,0.0,0.0,0.0,HIGH,LOW
WEST KARBI ANGLONG(DISTRICT COMMISSIONER WEST KARBI ANGLONG),22,2,0,0,4580354.0,18401202.0,0.0,0.0,1,1,0.09090909090909091,0.0,0.0,0.0,0.0,0.0,0.0,HIGH,LOW
WEST KHASI HILLS(DEPUTY COMMISSIONER WEST KHASI HILLS NONGSTOIN_IDA),14,4,0,0,4650000.0,5050000.0,0.0,0.0,1,1,0.2857142857142857,0.0,0.0,0.0,0.0,0.0,0.0,HIGH,LOW
"WEST SIANG(DEPUTY COMMISSIONER, WEST SIANG (IDA))",10,10,0,0,8900000.0,8900000.0,0.0,0.0,1,1,1.0,0.0,0.0,0.0,0.0,0.0,0.0,HIGH,LOW
WEST SINGHBHUM(DEPUTY COMMISSIONER WEST SINGHBHUM_IDA),94,0,0,0,45870492.0,62805160.0,0.0,0.0,1,2,0.0,0.0,0.0,0.0,0.0,0.0,0.0,HIGH,LOW
WEST(COMMISSIONER MCD WEST),22,10,0,0,4146478.0,39933409.0,0.0,0.0,1,3,0.45454545454545453,0.0,0.0,0.0,0.0,0.0,0.0,HIGH,LOW
WOKHA(Deputy Commissioner Wokha_IDA),9,3,0,0,24636000.0,24636000.0,0.0,0.0,1,2,0.3333333333333333,0.0,0.0,0.0,0.0,0.0,0.0,MEDIUM,LOW
West Tripura(DISTRICT MAGISTRATE WEST TRIPURA_IDA),73,23,1,0,54170186.0,136009637.0,0.7821917808219179,57.1,1,2,0.3150684931506849,0.0136986301369863,0.0,1.36986301369863,0.0,0.7821917808219179,0.8,HIGH,LOW
Y.S.R. Kadapa(DISTRICT COLLECTOR CUDDAPAH_IDA),473,144,27,0,131877605.0,275213586.0,3.537632135306554,57.1,1,7,0.3044397463002114,0.05708245243128964,0.0,5.708245243128964,0.0,3.537632135306554,3.3,HIGH,LOW
YADADRI BHUVANAGIRI(DISTRICT COLLECTOR YADADRI BHUVANAGIRI_IDA),193,171,3,0,22731750.0,31885000.0,0.8875647668393783,57.1,2,3,0.8860103626943006,0.015544041450777202,0.0,1.5544041450777202,0.0,0.8875647668393783,0.9,HIGH,LOW
YADGIR(Deputy Commsioner Yadgir_ida),58,3,0,0,12915000.0,53200000.0,0.0,0.0,1,3,0.05172413793103448,0.0,0.0,0.0,0.0,0.0,0.0,HIGH,LOW
YAMUNANAGAR(Deputy Commissioner YamunaNagar_IDA),88,0,7,0,19912001.0,54620400.0,4.5420454545454545,57.1,2,4,0.0,0.07954545454545454,0.0,7.954545454545454,0.0,4.5420454545454545,4.5,HIGH,LOW
YAVATMAL(DISTRICT COLLECTOR YAVATMAL_IDA),183,48,0,0,30491762.0,135396606.87,0.0,0.0,1,4,0.26229508196721313,0.0,0.0,0.0,0.0,0.0,0.0,HIGH,LOW
ZUNHEBOTO(Deputy Commissioner Zunheboto_IDA),1,0,0,0,0.0,250000.0,0.0,0.0,1,1,0.0,0.0,0.0,0.0,0.0,0.0,0.0,LOW,LOW
